index,backend,image_path,true_idx,true_class,pred_idx,pred_class,confidence,correct,latency_ms
0,tflite_float32,D:\Garbage Classification\Garbage_Classification_Organized\garbage_dataset\test\待分拣\可回收_0081.jpg,0,待分拣,0,待分拣,0.9878801703453064,1,3.714600000421342
1,tflite_float32,D:\Garbage Classification\Garbage_Classification_Organized\garbage_dataset\test\待分拣\待分拣114.jpg,0,待分拣,0,待分拣,0.9997126460075378,1,3.122599999187514
2,tflite_float32,D:\Garbage Classification\Garbage_Classification_Organized\garbage_dataset\test\待分拣\待分拣115.jpg,0,待分拣,0,待分拣,0.9948269724845886,1,2.9378999997788924
3,tflite_float32,D:\Garbage Classification\Garbage_Classification_Organized\garbage_dataset\test\待分拣\待分拣117.jpg,0,待分拣,0,待分拣,0.9995157718658447,1,2.8551000004881644
4,tflite_float32,D:\Garbage Classification\Garbage_Classification_Organized\garbage_dataset\test\待分拣\待分拣119.jpg,0,待分拣,0,待分拣,0.9969135522842407,1,2.9342999996515573
5,tflite_float32,D:\Garbage Classification\Garbage_Classification_Organized\garbage_dataset\test\待分拣\待分拣121.jpg,0,待分拣,0,待分拣,0.9962725639343262,1,2.895600000556442
6,tflite_float32,D:\Garbage Classification\Garbage_Classification_Organized\garbage_dataset\test\待分拣\待分拣123.jpg,0,待分拣,0,待分拣,0.9968087077140808,1,3.8911000001462526
7,tflite_float32,D:\Garbage Classification\Garbage_Classification_Organized\garbage_dataset\test\待分拣\待分拣126.jpg,0,待分拣,0,待分拣,0.9977656602859497,1,3.0825999992885045
8,tflite_float32,D:\Garbage Classification\Garbage_Classification_Organized\garbage_dataset\test\待分拣\待分拣130.jpg,0,待分拣,0,待分拣,0.9258542656898499,1,3.318600000056904
9,tflite_float32,D:\Garbage Classification\Garbage_Classification_Organized\garbage_dataset\test\待分拣\待分拣137.jpg,0,待分拣,0,待分拣,0.9972894191741943,1,3.0351000004884554
10,tflite_float32,D:\Garbage Classification\Garbage_Classification_Organized\garbage_dataset\test\待分拣\待分拣139.jpg,0,待分拣,0,待分拣,0.9638149738311768,1,3.2577000001765555
11,tflite_float32,D:\Garbage Classification\Garbage_Classification_Organized\garbage_dataset\test\待分拣\待分拣140.jpg,0,待分拣,0,待分拣,0.9884839653968811,1,3.3815999995567836
12,tflite_float32,D:\Garbage Classification\Garbage_Classification_Organized\garbage_dataset\test\待分拣\待分拣141.jpg,0,待分拣,0,待分拣,0.9997038245201111,1,3.203100000064296
13,tflite_float32,D:\Garbage Classification\Garbage_Classification_Organized\garbage_dataset\test\待分拣\待分拣151.jpg,0,待分拣,0,待分拣,0.6269018650054932,1,3.2250000003841706
14,tflite_float32,D:\Garbage Classification\Garbage_Classification_Organized\garbage_dataset\test\待分拣\待分拣166.jpg,0,待分拣,0,待分拣,0.6224802732467651,1,3.0507999999827007
15,tflite_float32,D:\Garbage Classification\Garbage_Classification_Organized\garbage_dataset\test\待分拣\待分拣168.jpg,0,待分拣,0,待分拣,0.9995099306106567,1,2.89000000066153
16,tflite_float32,D:\Garbage Classification\Garbage_Classification_Organized\garbage_dataset\test\待分拣\待分拣175.jpg,0,待分拣,0,待分拣,0.9983845949172974,1,2.949599999737984
17,tflite_float32,D:\Garbage Classification\Garbage_Classification_Organized\garbage_dataset\test\待分拣\待分拣180.jpg,0,待分拣,0,待分拣,0.9995261430740356,1,2.880399999412475
18,tflite_float32,D:\Garbage Classification\Garbage_Classification_Organized\garbage_dataset\test\待分拣\待分拣183.jpg,0,待分拣,0,待分拣,0.9998255372047424,1,3.055099999983213
19,tflite_float32,D:\Garbage Classification\Garbage_Classification_Organized\garbage_dataset\test\待分拣\待分拣186.jpg,0,待分拣,0,待分拣,0.9996864795684814,1,2.852999999959138
20,tflite_float32,D:\Garbage Classification\Garbage_Classification_Organized\garbage_dataset\test\待分拣\待分拣189.jpg,0,待分拣,0,待分拣,0.9915002584457397,1,2.7706999999281834
21,tflite_float32,D:\Garbage Classification\Garbage_Classification_Organized\garbage_dataset\test\待分拣\待分拣194.jpg,0,待分拣,0,待分拣,0.9996869564056396,1,2.722199999880104
22,tflite_float32,D:\Garbage Classification\Garbage_Classification_Organized\garbage_dataset\test\待分拣\待分拣196.jpg,0,待分拣,0,待分拣,0.998903751373291,1,2.7479000000312226
23,tflite_float32,D:\Garbage Classification\Garbage_Classification_Organized\garbage_dataset\test\待分拣\待分拣198.jpg,0,待分拣,0,待分拣,0.7279305458068848,1,2.786500000183878
24,tflite_float32,D:\Garbage Classification\Garbage_Classification_Organized\garbage_dataset\test\待分拣\待分拣2.jpg,0,待分拣,0,待分拣,0.9998611211776733,1,2.7329999993526144
25,tflite_float32,D:\Garbage Classification\Garbage_Classification_Organized\garbage_dataset\test\待分拣\待分拣201.jpg,0,待分拣,0,待分拣,0.9868708848953247,1,2.767699999822071
26,tflite_float32,D:\Garbage Classification\Garbage_Classification_Organized\garbage_dataset\test\待分拣\待分拣216.jpg,0,待分拣,0,待分拣,0.9997047781944275,1,2.7566999997361563
27,tflite_float32,D:\Garbage Classification\Garbage_Classification_Organized\garbage_dataset\test\待分拣\待分拣222.jpg,0,待分拣,0,待分拣,0.9968396425247192,1,2.8173000000606407
28,tflite_float32,D:\Garbage Classification\Garbage_Classification_Organized\garbage_dataset\test\待分拣\待分拣228.jpg,0,待分拣,0,待分拣,0.9986135959625244,1,2.6847999997698935
29,tflite_float32,D:\Garbage Classification\Garbage_Classification_Organized\garbage_dataset\test\待分拣\待分拣23.jpg,0,待分拣,0,待分拣,0.9994074106216431,1,2.8447000004234724
30,tflite_float32,D:\Garbage Classification\Garbage_Classification_Organized\garbage_dataset\test\待分拣\待分拣25.jpg,0,待分拣,0,待分拣,0.9987894892692566,1,2.7735000003303867
31,tflite_float32,D:\Garbage Classification\Garbage_Classification_Organized\garbage_dataset\test\待分拣\待分拣251.jpg,0,待分拣,0,待分拣,0.9986134767532349,1,2.7465999992273282
32,tflite_float32,D:\Garbage Classification\Garbage_Classification_Organized\garbage_dataset\test\待分拣\待分拣253.jpg,0,待分拣,0,待分拣,0.9959433674812317,1,2.747800000179268
33,tflite_float32,D:\Garbage Classification\Garbage_Classification_Organized\garbage_dataset\test\待分拣\待分拣26.jpg,0,待分拣,0,待分拣,0.9941552877426147,1,2.759699999842269
34,tflite_float32,D:\Garbage Classification\Garbage_Classification_Organized\garbage_dataset\test\待分拣\待分拣261.jpg,0,待分拣,0,待分拣,0.965018630027771,1,3.414400000110618
35,tflite_float32,D:\Garbage Classification\Garbage_Classification_Organized\garbage_dataset\test\待分拣\待分拣269.jpg,0,待分拣,0,待分拣,0.9994673132896423,1,2.9525999998440966
36,tflite_float32,D:\Garbage Classification\Garbage_Classification_Organized\garbage_dataset\test\待分拣\待分拣27.jpg,0,待分拣,0,待分拣,0.9878182411193848,1,2.7505000007295166
37,tflite_float32,D:\Garbage Classification\Garbage_Classification_Organized\garbage_dataset\test\待分拣\待分拣33.jpg,0,待分拣,0,待分拣,0.9966188669204712,1,2.7841999999509426
38,tflite_float32,D:\Garbage Classification\Garbage_Classification_Organized\garbage_dataset\test\待分拣\待分拣35.jpg,0,待分拣,0,待分拣,0.9963243007659912,1,2.6828000000023167
39,tflite_float32,D:\Garbage Classification\Garbage_Classification_Organized\garbage_dataset\test\待分拣\待分拣41.jpg,0,待分拣,0,待分拣,0.9968235492706299,1,2.7111999997941894
40,tflite_float32,D:\Garbage Classification\Garbage_Classification_Organized\garbage_dataset\test\待分拣\待分拣46.jpg,0,待分拣,0,待分拣,0.9999227523803711,1,2.9497000004994334
41,tflite_float32,D:\Garbage Classification\Garbage_Classification_Organized\garbage_dataset\test\待分拣\待分拣47.jpg,0,待分拣,0,待分拣,0.9954588413238525,1,2.809499999784748
42,tflite_float32,D:\Garbage Classification\Garbage_Classification_Organized\garbage_dataset\test\待分拣\待分拣52.jpg,0,待分拣,0,待分拣,0.9963207244873047,1,2.767199999652803
43,tflite_float32,D:\Garbage Classification\Garbage_Classification_Organized\garbage_dataset\test\待分拣\待分拣55.jpg,0,待分拣,0,待分拣,0.9966800212860107,1,2.686800000446965
44,tflite_float32,D:\Garbage Classification\Garbage_Classification_Organized\garbage_dataset\test\待分拣\待分拣66.jpg,0,待分拣,0,待分拣,0.9915034770965576,1,2.7575999993132427
45,tflite_float32,D:\Garbage Classification\Garbage_Classification_Organized\garbage_dataset\test\待分拣\待分拣88.jpg,0,待分拣,0,待分拣,0.9936311841011047,1,2.7033999995182967
46,tflite_float32,D:\Garbage Classification\Garbage_Classification_Organized\garbage_dataset\test\待分拣\待分拣92.jpg,0,待分拣,0,待分拣,0.9946488738059998,1,2.7009000004909467
47,tflite_float32,D:\Garbage Classification\Garbage_Classification_Organized\garbage_dataset\test\待分拣\待分拣94.jpg,0,待分拣,0,待分拣,0.995121419429779,1,2.688500000658678
48,tflite_float32,D:\Garbage Classification\Garbage_Classification_Organized\garbage_dataset\test\待分拣\待分拣95.jpg,0,待分拣,0,待分拣,0.9999517202377319,1,2.761100000498118
49,tflite_float32,D:\Garbage Classification\Garbage_Classification_Organized\garbage_dataset\test\待分拣\待分拣_0001.jpg,0,待分拣,0,待分拣,0.9947307109832764,1,2.850599999874248
50,tflite_float32,D:\Garbage Classification\Garbage_Classification_Organized\garbage_dataset\test\待分拣\待分拣_0009.jpg,0,待分拣,0,待分拣,0.9970688223838806,1,2.711799999815412
51,tflite_float32,D:\Garbage Classification\Garbage_Classification_Organized\garbage_dataset\test\待分拣\待分拣_0015.jpg,0,待分拣,0,待分拣,0.9961158037185669,1,2.96020000041608
52,tflite_float32,D:\Garbage Classification\Garbage_Classification_Organized\garbage_dataset\test\待分拣\待分拣_0023.jpg,0,待分拣,0,待分拣,0.9954127669334412,1,2.7924999994866084
53,tflite_float32,D:\Garbage Classification\Garbage_Classification_Organized\garbage_dataset\test\待分拣\待分拣_0030.jpg,0,待分拣,0,待分拣,0.9982084035873413,1,2.763299999969604
54,tflite_float32,D:\Garbage Classification\Garbage_Classification_Organized\garbage_dataset\test\待分拣\待分拣_0035.jpg,0,待分拣,0,待分拣,0.9994825124740601,1,2.701600000364124
55,tflite_float32,D:\Garbage Classification\Garbage_Classification_Organized\garbage_dataset\test\待分拣\待分拣_0046.jpg,0,待分拣,0,待分拣,0.9954215884208679,1,2.798599999550788
56,tflite_float32,D:\Garbage Classification\Garbage_Classification_Organized\garbage_dataset\test\待分拣\待分拣_0052.jpg,0,待分拣,0,待分拣,0.9962347149848938,1,2.700100000765815
57,tflite_float32,D:\Garbage Classification\Garbage_Classification_Organized\garbage_dataset\test\待分拣\待分拣_0071.jpg,0,待分拣,0,待分拣,0.9985941052436829,1,2.7304000004733098
58,tflite_float32,D:\Garbage Classification\Garbage_Classification_Organized\garbage_dataset\test\待分拣\待分拣_0073.jpg,0,待分拣,0,待分拣,0.9987598657608032,1,2.7408999994804617
59,tflite_float32,D:\Garbage Classification\Garbage_Classification_Organized\garbage_dataset\test\待分拣\待分拣_0074.jpg,0,待分拣,0,待分拣,0.9997925162315369,1,2.7227000000493717
60,tflite_float32,D:\Garbage Classification\Garbage_Classification_Organized\garbage_dataset\test\待分拣\待分拣_0080.jpg,0,待分拣,0,待分拣,0.9995400905609131,1,2.8167000000394182
61,tflite_float32,D:\Garbage Classification\Garbage_Classification_Organized\garbage_dataset\test\待分拣\待分拣_0087.jpg,0,待分拣,0,待分拣,0.9988394379615784,1,2.704300000004878
62,tflite_float32,D:\Garbage Classification\Garbage_Classification_Organized\garbage_dataset\test\待分拣\待分拣_0102.jpg,0,待分拣,0,待分拣,0.9965106844902039,1,2.794200000607816
63,tflite_float32,D:\Garbage Classification\Garbage_Classification_Organized\garbage_dataset\test\待分拣\待分拣_0104.jpg,0,待分拣,0,待分拣,0.9994361996650696,1,2.7948999995714985
64,tflite_float32,D:\Garbage Classification\Garbage_Classification_Organized\garbage_dataset\test\待分拣\待分拣_0109.jpg,0,待分拣,0,待分拣,0.9910005927085876,1,2.7804000001196982
65,tflite_float32,D:\Garbage Classification\Garbage_Classification_Organized\garbage_dataset\test\待分拣\待分拣_0126.jpg,0,待分拣,0,待分拣,0.9930785298347473,1,2.745100000538514
66,tflite_float32,D:\Garbage Classification\Garbage_Classification_Organized\garbage_dataset\test\待分拣\待分拣_0127.jpg,0,待分拣,0,待分拣,0.9941389560699463,1,2.7680999992298894
67,tflite_float32,D:\Garbage Classification\Garbage_Classification_Organized\garbage_dataset\test\待分拣\待分拣_0128.jpg,0,待分拣,0,待分拣,0.9908720850944519,1,2.692600000045786
68,tflite_float32,D:\Garbage Classification\Garbage_Classification_Organized\garbage_dataset\test\待分拣\待分拣_0138.jpg,0,待分拣,0,待分拣,0.9930707812309265,1,2.7435000001787557
69,tflite_float32,D:\Garbage Classification\Garbage_Classification_Organized\garbage_dataset\test\待分拣\待分拣_0146.jpg,0,待分拣,0,待分拣,0.9911210536956787,1,3.0544000001100358
70,tflite_float32,D:\Garbage Classification\Garbage_Classification_Organized\garbage_dataset\test\待分拣\待分拣_0147.jpg,0,待分拣,0,待分拣,0.993674635887146,1,3.0332000005728332
71,tflite_float32,D:\Garbage Classification\Garbage_Classification_Organized\garbage_dataset\test\待分拣\待分拣_0151.jpg,0,待分拣,0,待分拣,0.9974496960639954,1,2.8048000003764173
72,tflite_float32,D:\Garbage Classification\Garbage_Classification_Organized\garbage_dataset\test\待分拣\待分拣_0155.jpg,0,待分拣,0,待分拣,0.9985095858573914,1,2.8140000003986643
73,tflite_float32,D:\Garbage Classification\Garbage_Classification_Organized\garbage_dataset\test\待分拣\待分拣_0157.jpg,0,待分拣,0,待分拣,0.9951484799385071,1,2.831200000400713
74,tflite_float32,D:\Garbage Classification\Garbage_Classification_Organized\garbage_dataset\test\待分拣\待分拣_0159.jpg,0,待分拣,0,待分拣,0.9943646192550659,1,2.7561999995668884
75,tflite_float32,D:\Garbage Classification\Garbage_Classification_Organized\garbage_dataset\test\待分拣\待分拣_0167.jpg,0,待分拣,0,待分拣,0.994648277759552,1,2.7046000004702364
76,tflite_float32,D:\Garbage Classification\Garbage_Classification_Organized\garbage_dataset\test\待分拣\待分拣_0183.jpg,0,待分拣,0,待分拣,0.999729573726654,1,2.743699999882665
77,tflite_float32,D:\Garbage Classification\Garbage_Classification_Organized\garbage_dataset\test\待分拣\待分拣_0197.jpg,0,待分拣,0,待分拣,0.9957744479179382,1,2.7636999993774225
78,tflite_float32,D:\Garbage Classification\Garbage_Classification_Organized\garbage_dataset\test\待分拣\有害_0066.jpg,0,待分拣,0,待分拣,0.9998643398284912,1,2.6974000002155663
79,tflite_float32,D:\Garbage Classification\Garbage_Classification_Organized\garbage_dataset\test\待分拣\有害_0287.jpg,0,待分拣,0,待分拣,0.9893727898597717,1,2.9835000004823087
80,tflite_float32,D:\Garbage Classification\Garbage_Classification_Organized\garbage_dataset\test\其他\其他1.jpg,1,其他,4,有害,0.6230919361114502,0,2.790600000480481
81,tflite_float32,D:\Garbage Classification\Garbage_Classification_Organized\garbage_dataset\test\其他\其他130.jpg,1,其他,0,待分拣,0.9961016178131104,0,2.8083000006517977
82,tflite_float32,D:\Garbage Classification\Garbage_Classification_Organized\garbage_dataset\test\其他\其他138.jpg,1,其他,1,其他,0.6348710060119629,1,2.8860000002168817
83,tflite_float32,D:\Garbage Classification\Garbage_Classification_Organized\garbage_dataset\test\其他\其他156.jpg,1,其他,1,其他,0.9205676317214966,1,2.776100000119186
84,tflite_float32,D:\Garbage Classification\Garbage_Classification_Organized\garbage_dataset\test\其他\其他158.jpg,1,其他,1,其他,0.9665699005126953,1,2.803899999889836
85,tflite_float32,D:\Garbage Classification\Garbage_Classification_Organized\garbage_dataset\test\其他\其他177.jpg,1,其他,1,其他,0.9744833707809448,1,2.757199999905424
86,tflite_float32,D:\Garbage Classification\Garbage_Classification_Organized\garbage_dataset\test\其他\其他18.jpg,1,其他,4,有害,0.7965171337127686,0,2.7665999996315804
87,tflite_float32,D:\Garbage Classification\Garbage_Classification_Organized\garbage_dataset\test\其他\其他188.jpg,1,其他,0,待分拣,0.9275096654891968,0,2.715100000386883
88,tflite_float32,D:\Garbage Classification\Garbage_Classification_Organized\garbage_dataset\test\其他\其他19.jpg,1,其他,1,其他,0.924302875995636,1,2.8110000002925517
89,tflite_float32,D:\Garbage Classification\Garbage_Classification_Organized\garbage_dataset\test\其他\其他196.jpg,1,其他,1,其他,0.9149835109710693,1,3.035700000509678
90,tflite_float32,D:\Garbage Classification\Garbage_Classification_Organized\garbage_dataset\test\其他\其他198.jpg,1,其他,1,其他,0.9959064722061157,1,2.901499999097723
91,tflite_float32,D:\Garbage Classification\Garbage_Classification_Organized\garbage_dataset\test\其他\其他23.jpg,1,其他,1,其他,0.8917399048805237,1,2.8910999999425258
92,tflite_float32,D:\Garbage Classification\Garbage_Classification_Organized\garbage_dataset\test\其他\其他230.jpg,1,其他,1,其他,0.9989101886749268,1,2.810499999213789
93,tflite_float32,D:\Garbage Classification\Garbage_Classification_Organized\garbage_dataset\test\其他\其他235.jpg,1,其他,1,其他,0.6036351919174194,1,3.5514999999577412
94,tflite_float32,D:\Garbage Classification\Garbage_Classification_Organized\garbage_dataset\test\其他\其他237.jpg,1,其他,3,可回收,0.9802228808403015,0,2.9535999992731377
95,tflite_float32,D:\Garbage Classification\Garbage_Classification_Organized\garbage_dataset\test\其他\其他238.jpg,1,其他,1,其他,0.5119091272354126,1,2.848699999958626
96,tflite_float32,D:\Garbage Classification\Garbage_Classification_Organized\garbage_dataset\test\其他\其他239.jpg,1,其他,1,其他,0.5568453073501587,1,2.8105999999752385
97,tflite_float32,D:\Garbage Classification\Garbage_Classification_Organized\garbage_dataset\test\其他\其他241.jpg,1,其他,3,可回收,0.98021000623703,0,2.8575999995155144
98,tflite_float32,D:\Garbage Classification\Garbage_Classification_Organized\garbage_dataset\test\其他\其他243.jpg,1,其他,3,可回收,0.718447208404541,0,2.8550000006362097
99,tflite_float32,D:\Garbage Classification\Garbage_Classification_Organized\garbage_dataset\test\其他\其他247.jpg,1,其他,3,可回收,0.7677850127220154,0,2.8633000001718756
100,tflite_float32,D:\Garbage Classification\Garbage_Classification_Organized\garbage_dataset\test\其他\其他25.jpg,1,其他,1,其他,0.9544955492019653,1,2.815800000462332
101,tflite_float32,D:\Garbage Classification\Garbage_Classification_Organized\garbage_dataset\test\其他\其他251.jpg,1,其他,3,可回收,0.9581981301307678,0,2.7995000000373693
102,tflite_float32,D:\Garbage Classification\Garbage_Classification_Organized\garbage_dataset\test\其他\其他253.jpg,1,其他,1,其他,0.9437704086303711,1,2.90090000089549
103,tflite_float32,D:\Garbage Classification\Garbage_Classification_Organized\garbage_dataset\test\其他\其他267.jpg,1,其他,1,其他,0.6391569972038269,1,2.8849000000263914
104,tflite_float32,D:\Garbage Classification\Garbage_Classification_Organized\garbage_dataset\test\其他\其他274.jpg,1,其他,1,其他,0.7510941624641418,1,2.8067000002920395
105,tflite_float32,D:\Garbage Classification\Garbage_Classification_Organized\garbage_dataset\test\其他\其他32.jpg,1,其他,1,其他,0.9542135000228882,1,2.761100000498118
106,tflite_float32,D:\Garbage Classification\Garbage_Classification_Organized\garbage_dataset\test\其他\其他33.jpg,1,其他,1,其他,0.9614319205284119,1,2.7921999999307445
107,tflite_float32,D:\Garbage Classification\Garbage_Classification_Organized\garbage_dataset\test\其他\其他35.jpg,1,其他,3,可回收,0.4445152282714844,0,2.786299999570474
108,tflite_float32,D:\Garbage Classification\Garbage_Classification_Organized\garbage_dataset\test\其他\其他40.jpg,1,其他,1,其他,0.9746467471122742,1,2.789899999697809
109,tflite_float32,D:\Garbage Classification\Garbage_Classification_Organized\garbage_dataset\test\其他\其他45.jpg,1,其他,1,其他,0.7033566832542419,1,2.780499999971653
110,tflite_float32,D:\Garbage Classification\Garbage_Classification_Organized\garbage_dataset\test\其他\其他50.jpg,1,其他,1,其他,0.7891098856925964,1,2.781700000014098
111,tflite_float32,D:\Garbage Classification\Garbage_Classification_Organized\garbage_dataset\test\其他\其他61.jpg,1,其他,1,其他,0.6627383232116699,1,2.7621999997791136
112,tflite_float32,D:\Garbage Classification\Garbage_Classification_Organized\garbage_dataset\test\其他\其他65.jpg,1,其他,1,其他,0.8615052103996277,1,2.752600000349048
113,tflite_float32,D:\Garbage Classification\Garbage_Classification_Organized\garbage_dataset\test\其他\其他80.jpg,1,其他,4,有害,0.7113320827484131,0,2.871199999390228
114,tflite_float32,D:\Garbage Classification\Garbage_Classification_Organized\garbage_dataset\test\其他\其他82.jpg,1,其他,1,其他,0.678687572479248,1,2.861500000108208
115,tflite_float32,D:\Garbage Classification\Garbage_Classification_Organized\garbage_dataset\test\其他\其他84.jpg,1,其他,1,其他,0.6271848082542419,1,2.8827000005549053
116,tflite_float32,D:\Garbage Classification\Garbage_Classification_Organized\garbage_dataset\test\其他\其他87.jpg,1,其他,1,其他,0.9985017776489258,1,2.856900000551832
117,tflite_float32,D:\Garbage Classification\Garbage_Classification_Organized\garbage_dataset\test\其他\其他95.jpg,1,其他,1,其他,0.9459378719329834,1,2.8843999998571235
118,tflite_float32,D:\Garbage Classification\Garbage_Classification_Organized\garbage_dataset\test\其他\其他_0001.jpg,1,其他,1,其他,0.9946998357772827,1,2.7972999996563885
119,tflite_float32,D:\Garbage Classification\Garbage_Classification_Organized\garbage_dataset\test\其他\其他_0004.jpg,1,其他,1,其他,0.9840765595436096,1,2.7852000002894783
120,tflite_float32,D:\Garbage Classification\Garbage_Classification_Organized\garbage_dataset\test\其他\其他_0012.jpg,1,其他,1,其他,0.8760925531387329,1,2.726300000176707
121,tflite_float32,D:\Garbage Classification\Garbage_Classification_Organized\garbage_dataset\test\其他\其他_0017.jpg,1,其他,1,其他,0.968125581741333,1,2.7750999997806503
122,tflite_float32,D:\Garbage Classification\Garbage_Classification_Organized\garbage_dataset\test\其他\其他_0034.jpg,1,其他,4,有害,0.7124409675598145,0,2.766399999927671
123,tflite_float32,D:\Garbage Classification\Garbage_Classification_Organized\garbage_dataset\test\其他\其他_0040.jpg,1,其他,1,其他,0.9983493089675903,1,2.9830999992555007
124,tflite_float32,D:\Garbage Classification\Garbage_Classification_Organized\garbage_dataset\test\其他\其他_0042.jpg,1,其他,1,其他,0.9832483530044556,1,2.7919000003748806
125,tflite_float32,D:\Garbage Classification\Garbage_Classification_Organized\garbage_dataset\test\其他\其他_0044.jpg,1,其他,1,其他,0.9555374383926392,1,3.0595999996876344
126,tflite_float32,D:\Garbage Classification\Garbage_Classification_Organized\garbage_dataset\test\其他\其他_0049.jpg,1,其他,1,其他,0.9806066155433655,1,3.7827999994988204
127,tflite_float32,D:\Garbage Classification\Garbage_Classification_Organized\garbage_dataset\test\其他\其他_0060.jpg,1,其他,1,其他,0.9702084064483643,1,2.942300000540854
128,tflite_float32,D:\Garbage Classification\Garbage_Classification_Organized\garbage_dataset\test\其他\其他_0062.jpg,1,其他,1,其他,0.9180867075920105,1,2.8839000005973503
129,tflite_float32,D:\Garbage Classification\Garbage_Classification_Organized\garbage_dataset\test\其他\其他_0065.jpg,1,其他,1,其他,0.909390389919281,1,2.8319000002738903
130,tflite_float32,D:\Garbage Classification\Garbage_Classification_Organized\garbage_dataset\test\其他\其他_0066.jpg,1,其他,1,其他,0.9363553524017334,1,2.7137999995829887
131,tflite_float32,D:\Garbage Classification\Garbage_Classification_Organized\garbage_dataset\test\其他\其他_0067.jpg,1,其他,1,其他,0.86270672082901,1,3.030599999874539
132,tflite_float32,D:\Garbage Classification\Garbage_Classification_Organized\garbage_dataset\test\其他\其他_0069.jpg,1,其他,1,其他,0.9932042360305786,1,2.87439999920025
133,tflite_float32,D:\Garbage Classification\Garbage_Classification_Organized\garbage_dataset\test\其他\其他_0073.jpg,1,其他,1,其他,0.6379364728927612,1,2.79930000033346
134,tflite_float32,D:\Garbage Classification\Garbage_Classification_Organized\garbage_dataset\test\其他\其他_0074.jpg,1,其他,1,其他,0.6925243735313416,1,2.8062000001227716
135,tflite_float32,D:\Garbage Classification\Garbage_Classification_Organized\garbage_dataset\test\其他\其他_0080.jpg,1,其他,1,其他,0.964840292930603,1,2.8326000001470675
136,tflite_float32,D:\Garbage Classification\Garbage_Classification_Organized\garbage_dataset\test\其他\其他_0088.jpg,1,其他,0,待分拣,0.689730703830719,0,2.745800000411691
137,tflite_float32,D:\Garbage Classification\Garbage_Classification_Organized\garbage_dataset\test\其他\其他_0103.jpg,1,其他,1,其他,0.6499353051185608,1,2.757299999757379
138,tflite_float32,D:\Garbage Classification\Garbage_Classification_Organized\garbage_dataset\test\其他\其他_0111.jpg,1,其他,1,其他,0.9555352926254272,1,2.800500000375905
139,tflite_float32,D:\Garbage Classification\Garbage_Classification_Organized\garbage_dataset\test\其他\其他_0112.jpg,1,其他,1,其他,0.9048601388931274,1,2.8088000008210656
140,tflite_float32,D:\Garbage Classification\Garbage_Classification_Organized\garbage_dataset\test\其他\其他_0114.jpg,1,其他,1,其他,0.8495468497276306,1,2.7940999998463667
141,tflite_float32,D:\Garbage Classification\Garbage_Classification_Organized\garbage_dataset\test\其他\其他_0118.jpg,1,其他,1,其他,0.7551652193069458,1,2.862700000150653
142,tflite_float32,D:\Garbage Classification\Garbage_Classification_Organized\garbage_dataset\test\其他\其他_0145.jpg,1,其他,1,其他,0.9635176062583923,1,2.936299999419134
143,tflite_float32,D:\Garbage Classification\Garbage_Classification_Organized\garbage_dataset\test\其他\其他_0153.jpg,1,其他,1,其他,0.7896620035171509,1,2.8770999997504987
144,tflite_float32,D:\Garbage Classification\Garbage_Classification_Organized\garbage_dataset\test\其他\其他_0156.jpg,1,其他,1,其他,0.8372148275375366,1,2.8640000000450527
145,tflite_float32,D:\Garbage Classification\Garbage_Classification_Organized\garbage_dataset\test\其他\其他_0181.jpg,1,其他,1,其他,0.9844028949737549,1,2.837399999407353
146,tflite_float32,D:\Garbage Classification\Garbage_Classification_Organized\garbage_dataset\test\其他\其他_0194.jpg,1,其他,1,其他,0.9896451234817505,1,2.7585999996517785
147,tflite_float32,D:\Garbage Classification\Garbage_Classification_Organized\garbage_dataset\test\其他\其他_0199.jpg,1,其他,1,其他,0.6879559755325317,1,2.7996999997412786
148,tflite_float32,D:\Garbage Classification\Garbage_Classification_Organized\garbage_dataset\test\其他\其他_0202.jpg,1,其他,1,其他,0.7691112756729126,1,2.801300000101037
149,tflite_float32,D:\Garbage Classification\Garbage_Classification_Organized\garbage_dataset\test\其他\其他_0208.jpg,1,其他,1,其他,0.9449847340583801,1,2.740399999311194
150,tflite_float32,D:\Garbage Classification\Garbage_Classification_Organized\garbage_dataset\test\其他\其他_0213.jpg,1,其他,1,其他,0.8799436092376709,1,2.7061999999205
151,tflite_float32,D:\Garbage Classification\Garbage_Classification_Organized\garbage_dataset\test\厨余\厨余104.jpg,2,厨余,2,厨余,0.999750554561615,1,2.8761000003214576
152,tflite_float32,D:\Garbage Classification\Garbage_Classification_Organized\garbage_dataset\test\厨余\厨余108.jpg,2,厨余,2,厨余,0.999974250793457,1,2.8100999998059706
153,tflite_float32,D:\Garbage Classification\Garbage_Classification_Organized\garbage_dataset\test\厨余\厨余117.jpg,2,厨余,2,厨余,0.9997407793998718,1,2.7920000002268353
154,tflite_float32,D:\Garbage Classification\Garbage_Classification_Organized\garbage_dataset\test\厨余\厨余12.jpg,2,厨余,4,有害,0.8959435820579529,0,2.7261000004727975
155,tflite_float32,D:\Garbage Classification\Garbage_Classification_Organized\garbage_dataset\test\厨余\厨余126.jpg,2,厨余,2,厨余,0.9999992847442627,1,2.7597999996942235
156,tflite_float32,D:\Garbage Classification\Garbage_Classification_Organized\garbage_dataset\test\厨余\厨余131.jpg,2,厨余,2,厨余,0.9964336156845093,1,2.740500000072643
157,tflite_float32,D:\Garbage Classification\Garbage_Classification_Organized\garbage_dataset\test\厨余\厨余151.jpg,2,厨余,2,厨余,0.9999582767486572,1,2.7465000002848683
158,tflite_float32,D:\Garbage Classification\Garbage_Classification_Organized\garbage_dataset\test\厨余\厨余156.jpg,2,厨余,2,厨余,0.9997037053108215,1,2.781700000014098
159,tflite_float32,D:\Garbage Classification\Garbage_Classification_Organized\garbage_dataset\test\厨余\厨余157.jpg,2,厨余,2,厨余,0.9999802112579346,1,2.8959999999642605
160,tflite_float32,D:\Garbage Classification\Garbage_Classification_Organized\garbage_dataset\test\厨余\厨余164.jpg,2,厨余,2,厨余,0.9997703433036804,1,2.802299999530078
161,tflite_float32,D:\Garbage Classification\Garbage_Classification_Organized\garbage_dataset\test\厨余\厨余168.jpg,2,厨余,2,厨余,0.996337890625,1,2.792799999951967
162,tflite_float32,D:\Garbage Classification\Garbage_Classification_Organized\garbage_dataset\test\厨余\厨余173.jpg,2,厨余,2,厨余,0.9999935626983643,1,2.7614999999059364
163,tflite_float32,D:\Garbage Classification\Garbage_Classification_Organized\garbage_dataset\test\厨余\厨余175.jpg,2,厨余,2,厨余,0.9998594522476196,1,2.7513999993971083
164,tflite_float32,D:\Garbage Classification\Garbage_Classification_Organized\garbage_dataset\test\厨余\厨余190.jpg,2,厨余,2,厨余,0.9999884366989136,1,2.701100000194856
165,tflite_float32,D:\Garbage Classification\Garbage_Classification_Organized\garbage_dataset\test\厨余\厨余199.jpg,2,厨余,2,厨余,0.9999939203262329,1,2.7314999997543055
166,tflite_float32,D:\Garbage Classification\Garbage_Classification_Organized\garbage_dataset\test\厨余\厨余202.jpg,2,厨余,2,厨余,0.9999938011169434,1,2.889800000048126
167,tflite_float32,D:\Garbage Classification\Garbage_Classification_Organized\garbage_dataset\test\厨余\厨余206.jpg,2,厨余,2,厨余,0.9980394244194031,1,2.815300000293064
168,tflite_float32,D:\Garbage Classification\Garbage_Classification_Organized\garbage_dataset\test\厨余\厨余220.jpg,2,厨余,2,厨余,0.9998908042907715,1,2.763999999842781
169,tflite_float32,D:\Garbage Classification\Garbage_Classification_Organized\garbage_dataset\test\厨余\厨余221.jpg,2,厨余,2,厨余,0.9996397495269775,1,2.7508000002853805
170,tflite_float32,D:\Garbage Classification\Garbage_Classification_Organized\garbage_dataset\test\厨余\厨余224.jpg,2,厨余,2,厨余,0.9999418258666992,1,2.731100000346487
171,tflite_float32,D:\Garbage Classification\Garbage_Classification_Organized\garbage_dataset\test\厨余\厨余231.jpg,2,厨余,2,厨余,0.9999125003814697,1,2.711500000259548
172,tflite_float32,D:\Garbage Classification\Garbage_Classification_Organized\garbage_dataset\test\厨余\厨余234.jpg,2,厨余,2,厨余,0.9999879598617554,1,2.7006999998775427
173,tflite_float32,D:\Garbage Classification\Garbage_Classification_Organized\garbage_dataset\test\厨余\厨余237.jpg,2,厨余,2,厨余,0.9994321465492249,1,2.7812999996967847
174,tflite_float32,D:\Garbage Classification\Garbage_Classification_Organized\garbage_dataset\test\厨余\厨余238.jpg,2,厨余,2,厨余,0.9990930557250977,1,2.784799999972165
175,tflite_float32,D:\Garbage Classification\Garbage_Classification_Organized\garbage_dataset\test\厨余\厨余239.jpg,2,厨余,2,厨余,0.9997581839561462,1,2.761400000053982
176,tflite_float32,D:\Garbage Classification\Garbage_Classification_Organized\garbage_dataset\test\厨余\厨余240.jpg,2,厨余,2,厨余,0.9999595880508423,1,3.0363000005309004
177,tflite_float32,D:\Garbage Classification\Garbage_Classification_Organized\garbage_dataset\test\厨余\厨余254.jpg,2,厨余,2,厨余,0.9994139671325684,1,2.8253999998923973
178,tflite_float32,D:\Garbage Classification\Garbage_Classification_Organized\garbage_dataset\test\厨余\厨余269.jpg,2,厨余,2,厨余,0.99965500831604,1,2.7595000001383596
179,tflite_float32,D:\Garbage Classification\Garbage_Classification_Organized\garbage_dataset\test\厨余\厨余32.jpg,2,厨余,2,厨余,0.9999074935913086,1,2.767100000710343
180,tflite_float32,D:\Garbage Classification\Garbage_Classification_Organized\garbage_dataset\test\厨余\厨余4.jpg,2,厨余,2,厨余,0.8389643430709839,1,2.7559000000110245
181,tflite_float32,D:\Garbage Classification\Garbage_Classification_Organized\garbage_dataset\test\厨余\厨余42.jpg,2,厨余,2,厨余,0.998525083065033,1,2.7258999998593936
182,tflite_float32,D:\Garbage Classification\Garbage_Classification_Organized\garbage_dataset\test\厨余\厨余45.jpg,2,厨余,2,厨余,0.999992847442627,1,2.811499999552325
183,tflite_float32,D:\Garbage Classification\Garbage_Classification_Organized\garbage_dataset\test\厨余\厨余49.jpg,2,厨余,2,厨余,0.9955337047576904,1,2.6997999993909616
184,tflite_float32,D:\Garbage Classification\Garbage_Classification_Organized\garbage_dataset\test\厨余\厨余51.jpg,2,厨余,2,厨余,0.9999376535415649,1,2.813199999764038
185,tflite_float32,D:\Garbage Classification\Garbage_Classification_Organized\garbage_dataset\test\厨余\厨余56.jpg,2,厨余,2,厨余,0.9999983310699463,1,2.794699999867589
186,tflite_float32,D:\Garbage Classification\Garbage_Classification_Organized\garbage_dataset\test\厨余\厨余62.jpg,2,厨余,2,厨余,0.999683141708374,1,2.925900000263937
187,tflite_float32,D:\Garbage Classification\Garbage_Classification_Organized\garbage_dataset\test\厨余\厨余74.jpg,2,厨余,2,厨余,0.9996098875999451,1,2.8829000002588145
188,tflite_float32,D:\Garbage Classification\Garbage_Classification_Organized\garbage_dataset\test\厨余\厨余78.jpg,2,厨余,2,厨余,0.9994581341743469,1,2.8231999995114165
189,tflite_float32,D:\Garbage Classification\Garbage_Classification_Organized\garbage_dataset\test\厨余\厨余84.jpg,2,厨余,2,厨余,0.9998114705085754,1,2.8146999993623467
190,tflite_float32,D:\Garbage Classification\Garbage_Classification_Organized\garbage_dataset\test\厨余\厨余85.jpg,2,厨余,2,厨余,0.9997575879096985,1,2.886499999476655
191,tflite_float32,D:\Garbage Classification\Garbage_Classification_Organized\garbage_dataset\test\厨余\厨余93.jpg,2,厨余,2,厨余,0.9999899864196777,1,2.7868999995916965
192,tflite_float32,D:\Garbage Classification\Garbage_Classification_Organized\garbage_dataset\test\厨余\厨余98.jpg,2,厨余,2,厨余,0.9998384714126587,1,2.7697999994416023
193,tflite_float32,D:\Garbage Classification\Garbage_Classification_Organized\garbage_dataset\test\可回收\可回收13.jpg,3,可回收,3,可回收,0.9311392903327942,1,2.8498000001491164
194,tflite_float32,D:\Garbage Classification\Garbage_Classification_Organized\garbage_dataset\test\可回收\可回收146.jpg,3,可回收,3,可回收,0.9894481897354126,1,2.9417999994620914
195,tflite_float32,D:\Garbage Classification\Garbage_Classification_Organized\garbage_dataset\test\可回收\可回收151.jpg,3,可回收,3,可回收,0.9916951060295105,1,2.7762999998230953
196,tflite_float32,D:\Garbage Classification\Garbage_Classification_Organized\garbage_dataset\test\可回收\可回收154.jpg,3,可回收,3,可回收,0.9920083284378052,1,2.745699999650242
197,tflite_float32,D:\Garbage Classification\Garbage_Classification_Organized\garbage_dataset\test\可回收\可回收159.jpg,3,可回收,3,可回收,0.9779446721076965,1,2.7122999999846797
198,tflite_float32,D:\Garbage Classification\Garbage_Classification_Organized\garbage_dataset\test\可回收\可回收170.jpg,3,可回收,3,可回收,0.9315999150276184,1,2.7532000003702706
199,tflite_float32,D:\Garbage Classification\Garbage_Classification_Organized\garbage_dataset\test\可回收\可回收178.jpg,3,可回收,3,可回收,0.9977275729179382,1,2.7221000000281492
200,tflite_float32,D:\Garbage Classification\Garbage_Classification_Organized\garbage_dataset\test\可回收\可回收180.jpg,3,可回收,3,可回收,0.9980043768882751,1,2.7087000007668394
201,tflite_float32,D:\Garbage Classification\Garbage_Classification_Organized\garbage_dataset\test\可回收\可回收189.jpg,3,可回收,3,可回收,0.997313916683197,1,2.7045999995607417
202,tflite_float32,D:\Garbage Classification\Garbage_Classification_Organized\garbage_dataset\test\可回收\可回收197.jpg,3,可回收,3,可回收,0.9329202175140381,1,2.686100000573788
203,tflite_float32,D:\Garbage Classification\Garbage_Classification_Organized\garbage_dataset\test\可回收\可回收2.jpg,3,可回收,3,可回收,0.9695051908493042,1,2.8413000000000466
204,tflite_float32,D:\Garbage Classification\Garbage_Classification_Organized\garbage_dataset\test\可回收\可回收200.jpg,3,可回收,3,可回收,0.998489499092102,1,2.727900000536465
205,tflite_float32,D:\Garbage Classification\Garbage_Classification_Organized\garbage_dataset\test\可回收\可回收211.jpg,3,可回收,3,可回收,0.9976381063461304,1,2.810500000123284
206,tflite_float32,D:\Garbage Classification\Garbage_Classification_Organized\garbage_dataset\test\可回收\可回收216.jpg,3,可回收,3,可回收,0.9953355193138123,1,2.8125999997428153
207,tflite_float32,D:\Garbage Classification\Garbage_Classification_Organized\garbage_dataset\test\可回收\可回收223.jpg,3,可回收,3,可回收,0.9956589937210083,1,2.7723999992304016
208,tflite_float32,D:\Garbage Classification\Garbage_Classification_Organized\garbage_dataset\test\可回收\可回收228.jpg,3,可回收,3,可回收,0.9946109056472778,1,2.69769999977143
209,tflite_float32,D:\Garbage Classification\Garbage_Classification_Organized\garbage_dataset\test\可回收\可回收237.jpg,3,可回收,3,可回收,0.9932652711868286,1,2.736200000072131
210,tflite_float32,D:\Garbage Classification\Garbage_Classification_Organized\garbage_dataset\test\可回收\可回收24.jpg,3,可回收,3,可回收,0.9893712997436523,1,2.7312000001984416
211,tflite_float32,D:\Garbage Classification\Garbage_Classification_Organized\garbage_dataset\test\可回收\可回收241.jpg,3,可回收,3,可回收,0.985345184803009,1,2.8173999999125954
212,tflite_float32,D:\Garbage Classification\Garbage_Classification_Organized\garbage_dataset\test\可回收\可回收251.jpg,3,可回收,3,可回收,0.9963525533676147,1,2.868099999432161
213,tflite_float32,D:\Garbage Classification\Garbage_Classification_Organized\garbage_dataset\test\可回收\可回收254.jpg,3,可回收,3,可回收,0.9831242561340332,1,3.1216999996104278
214,tflite_float32,D:\Garbage Classification\Garbage_Classification_Organized\garbage_dataset\test\可回收\可回收261.jpg,3,可回收,3,可回收,0.9362980723381042,1,2.915999999459018
215,tflite_float32,D:\Garbage Classification\Garbage_Classification_Organized\garbage_dataset\test\可回收\可回收262.jpg,3,可回收,3,可回收,0.9958375692367554,1,2.870900000743859
216,tflite_float32,D:\Garbage Classification\Garbage_Classification_Organized\garbage_dataset\test\可回收\可回收268.jpg,3,可回收,3,可回收,0.9839003086090088,1,2.804400000059104
217,tflite_float32,D:\Garbage Classification\Garbage_Classification_Organized\garbage_dataset\test\可回收\可回收272.jpg,3,可回收,3,可回收,0.996891438961029,1,2.747599999565864
218,tflite_float32,D:\Garbage Classification\Garbage_Classification_Organized\garbage_dataset\test\可回收\可回收279.jpg,3,可回收,3,可回收,0.9964113831520081,1,2.686099999664293
219,tflite_float32,D:\Garbage Classification\Garbage_Classification_Organized\garbage_dataset\test\可回收\可回收35.jpg,3,可回收,3,可回收,0.8556161522865295,1,2.7184000000488595
220,tflite_float32,D:\Garbage Classification\Garbage_Classification_Organized\garbage_dataset\test\可回收\可回收40.jpg,3,可回收,3,可回收,0.9922492504119873,1,2.679799999896204
221,tflite_float32,D:\Garbage Classification\Garbage_Classification_Organized\garbage_dataset\test\可回收\可回收47.jpg,3,可回收,3,可回收,0.3885098397731781,1,2.7452000003904686
222,tflite_float32,D:\Garbage Classification\Garbage_Classification_Organized\garbage_dataset\test\可回收\可回收52.jpg,3,可回收,3,可回收,0.9559234976768494,1,2.8171000003567315
223,tflite_float32,D:\Garbage Classification\Garbage_Classification_Organized\garbage_dataset\test\可回收\可回收53.jpg,3,可回收,3,可回收,0.9906415343284607,1,2.711500000259548
224,tflite_float32,D:\Garbage Classification\Garbage_Classification_Organized\garbage_dataset\test\可回收\可回收67.jpg,3,可回收,3,可回收,0.9835394620895386,1,2.7030999999624328
225,tflite_float32,D:\Garbage Classification\Garbage_Classification_Organized\garbage_dataset\test\可回收\可回收68.jpg,3,可回收,3,可回收,0.8782458901405334,1,2.6751999994303333
226,tflite_float32,D:\Garbage Classification\Garbage_Classification_Organized\garbage_dataset\test\可回收\可回收_0008.jpg,3,可回收,3,可回收,0.9970118999481201,1,2.6816999998118263
227,tflite_float32,D:\Garbage Classification\Garbage_Classification_Organized\garbage_dataset\test\可回收\可回收_0022.jpg,3,可回收,3,可回收,0.9907932877540588,1,2.6825000004464528
228,tflite_float32,D:\Garbage Classification\Garbage_Classification_Organized\garbage_dataset\test\可回收\可回收_0039.jpg,3,可回收,3,可回收,0.9568673372268677,1,2.763700000286917
229,tflite_float32,D:\Garbage Classification\Garbage_Classification_Organized\garbage_dataset\test\可回收\可回收_0047.jpg,3,可回收,3,可回收,0.9950270056724548,1,2.7963000002273475
230,tflite_float32,D:\Garbage Classification\Garbage_Classification_Organized\garbage_dataset\test\可回收\可回收_0056.jpg,3,可回收,3,可回收,0.9968108534812927,1,2.756799999588111
231,tflite_float32,D:\Garbage Classification\Garbage_Classification_Organized\garbage_dataset\test\可回收\可回收_0058.jpg,3,可回收,3,可回收,0.9911307096481323,1,2.78600000001461
232,tflite_float32,D:\Garbage Classification\Garbage_Classification_Organized\garbage_dataset\test\可回收\可回收_0078.jpg,3,可回收,3,可回收,0.9963923096656799,1,2.7706000000762288
233,tflite_float32,D:\Garbage Classification\Garbage_Classification_Organized\garbage_dataset\test\可回收\可回收_0082.jpg,3,可回收,3,可回收,0.9042541980743408,1,2.7436000000307104
234,tflite_float32,D:\Garbage Classification\Garbage_Classification_Organized\garbage_dataset\test\可回收\可回收_0089.jpg,3,可回收,3,可回收,0.9959346055984497,1,2.701600000364124
235,tflite_float32,D:\Garbage Classification\Garbage_Classification_Organized\garbage_dataset\test\可回收\可回收_0091.jpg,3,可回收,3,可回收,0.9969720840454102,1,2.803699999276432
236,tflite_float32,D:\Garbage Classification\Garbage_Classification_Organized\garbage_dataset\test\可回收\可回收_0098.jpg,3,可回收,3,可回收,0.9963701963424683,1,2.6874999994106474
237,tflite_float32,D:\Garbage Classification\Garbage_Classification_Organized\garbage_dataset\test\可回收\可回收_0106.jpg,3,可回收,3,可回收,0.9919262528419495,1,2.7295999998386833
238,tflite_float32,D:\Garbage Classification\Garbage_Classification_Organized\garbage_dataset\test\可回收\可回收_0115.jpg,3,可回收,3,可回收,0.9948604702949524,1,2.685100000235252
239,tflite_float32,D:\Garbage Classification\Garbage_Classification_Organized\garbage_dataset\test\可回收\可回收_0116.jpg,3,可回收,3,可回收,0.9959631562232971,1,2.705700000660727
240,tflite_float32,D:\Garbage Classification\Garbage_Classification_Organized\garbage_dataset\test\有害\有害104.jpg,4,有害,4,有害,0.9738900661468506,1,2.730199999859906
241,tflite_float32,D:\Garbage Classification\Garbage_Classification_Organized\garbage_dataset\test\有害\有害105.jpg,4,有害,4,有害,0.9971171617507935,1,2.7982000001429697
242,tflite_float32,D:\Garbage Classification\Garbage_Classification_Organized\garbage_dataset\test\有害\有害107.jpg,4,有害,4,有害,0.9587622880935669,1,2.8128000003562192
243,tflite_float32,D:\Garbage Classification\Garbage_Classification_Organized\garbage_dataset\test\有害\有害118.jpg,4,有害,4,有害,0.8851892948150635,1,3.898000000845059
244,tflite_float32,D:\Garbage Classification\Garbage_Classification_Organized\garbage_dataset\test\有害\有害127.jpg,4,有害,4,有害,0.8597127795219421,1,2.777300000161631
245,tflite_float32,D:\Garbage Classification\Garbage_Classification_Organized\garbage_dataset\test\有害\有害131.jpg,4,有害,4,有害,0.9913536906242371,1,2.7724000001398963
246,tflite_float32,D:\Garbage Classification\Garbage_Classification_Organized\garbage_dataset\test\有害\有害134.jpg,4,有害,4,有害,0.9489991664886475,1,3.012499999385909
247,tflite_float32,D:\Garbage Classification\Garbage_Classification_Organized\garbage_dataset\test\有害\有害140.jpg,4,有害,4,有害,0.9996484518051147,1,2.793099999507831
248,tflite_float32,D:\Garbage Classification\Garbage_Classification_Organized\garbage_dataset\test\有害\有害144.jpg,4,有害,4,有害,0.9601535201072693,1,2.797600000121747
249,tflite_float32,D:\Garbage Classification\Garbage_Classification_Organized\garbage_dataset\test\有害\有害147.jpg,4,有害,4,有害,0.9935266971588135,1,2.7807999995275168
250,tflite_float32,D:\Garbage Classification\Garbage_Classification_Organized\garbage_dataset\test\有害\有害15.jpg,4,有害,3,可回收,0.810617208480835,0,2.695300000596035
251,tflite_float32,D:\Garbage Classification\Garbage_Classification_Organized\garbage_dataset\test\有害\有害159.jpg,4,有害,1,其他,0.556265115737915,0,2.7396000004955567
252,tflite_float32,D:\Garbage Classification\Garbage_Classification_Organized\garbage_dataset\test\有害\有害163.jpg,4,有害,4,有害,0.8901710510253906,1,2.7663000000757165
253,tflite_float32,D:\Garbage Classification\Garbage_Classification_Organized\garbage_dataset\test\有害\有害174.jpg,4,有害,4,有害,0.9799773693084717,1,2.807599999869126
254,tflite_float32,D:\Garbage Classification\Garbage_Classification_Organized\garbage_dataset\test\有害\有害177.jpg,4,有害,4,有害,0.9093002676963806,1,2.780999999231426
255,tflite_float32,D:\Garbage Classification\Garbage_Classification_Organized\garbage_dataset\test\有害\有害18.jpg,4,有害,4,有害,0.8537961840629578,1,2.777099999548227
256,tflite_float32,D:\Garbage Classification\Garbage_Classification_Organized\garbage_dataset\test\有害\有害183.jpg,4,有害,4,有害,0.9943840503692627,1,2.9025000003457535
257,tflite_float32,D:\Garbage Classification\Garbage_Classification_Organized\garbage_dataset\test\有害\有害200.jpg,4,有害,4,有害,0.8577519059181213,1,2.86229999983334
258,tflite_float32,D:\Garbage Classification\Garbage_Classification_Organized\garbage_dataset\test\有害\有害203.jpg,4,有害,1,其他,0.7205320596694946,0,2.9758000000583706
259,tflite_float32,D:\Garbage Classification\Garbage_Classification_Organized\garbage_dataset\test\有害\有害204.jpg,4,有害,1,其他,0.7739335298538208,0,2.842400000190537
260,tflite_float32,D:\Garbage Classification\Garbage_Classification_Organized\garbage_dataset\test\有害\有害209.jpg,4,有害,1,其他,0.9428011178970337,0,2.8901000005134847
261,tflite_float32,D:\Garbage Classification\Garbage_Classification_Organized\garbage_dataset\test\有害\有害225.jpg,4,有害,4,有害,0.9991151690483093,1,2.830100000210223
262,tflite_float32,D:\Garbage Classification\Garbage_Classification_Organized\garbage_dataset\test\有害\有害23.jpg,4,有害,4,有害,0.9259182214736938,1,2.6878999997279607
263,tflite_float32,D:\Garbage Classification\Garbage_Classification_Organized\garbage_dataset\test\有害\有害230.jpg,4,有害,4,有害,0.9951748251914978,1,2.828699999554374
264,tflite_float32,D:\Garbage Classification\Garbage_Classification_Organized\garbage_dataset\test\有害\有害242.jpg,4,有害,4,有害,0.9724975228309631,1,2.882799999497365
265,tflite_float32,D:\Garbage Classification\Garbage_Classification_Organized\garbage_dataset\test\有害\有害243.jpg,4,有害,4,有害,0.9342024922370911,1,2.8154000001450186
266,tflite_float32,D:\Garbage Classification\Garbage_Classification_Organized\garbage_dataset\test\有害\有害244.jpg,4,有害,4,有害,0.961365282535553,1,2.8148999999757507
267,tflite_float32,D:\Garbage Classification\Garbage_Classification_Organized\garbage_dataset\test\有害\有害262.jpg,4,有害,2,厨余,0.6009511947631836,0,2.865899999960675
268,tflite_float32,D:\Garbage Classification\Garbage_Classification_Organized\garbage_dataset\test\有害\有害266.jpg,4,有害,2,厨余,0.9192522764205933,0,2.8057999998054584
269,tflite_float32,D:\Garbage Classification\Garbage_Classification_Organized\garbage_dataset\test\有害\有害274.jpg,4,有害,4,有害,0.9941855072975159,1,2.8222000000823755
270,tflite_float32,D:\Garbage Classification\Garbage_Classification_Organized\garbage_dataset\test\有害\有害3.jpg,4,有害,4,有害,0.9863281846046448,1,2.674299999853247
271,tflite_float32,D:\Garbage Classification\Garbage_Classification_Organized\garbage_dataset\test\有害\有害33.jpg,4,有害,3,可回收,0.47907209396362305,0,2.636700000039127
272,tflite_float32,D:\Garbage Classification\Garbage_Classification_Organized\garbage_dataset\test\有害\有害35.jpg,4,有害,0,待分拣,0.7376086711883545,0,2.6706999997259118
273,tflite_float32,D:\Garbage Classification\Garbage_Classification_Organized\garbage_dataset\test\有害\有害41.jpg,4,有害,4,有害,0.3236953914165497,1,2.6007999995272257
274,tflite_float32,D:\Garbage Classification\Garbage_Classification_Organized\garbage_dataset\test\有害\有害44.jpg,4,有害,4,有害,0.9733116626739502,1,2.9124000002411776
275,tflite_float32,D:\Garbage Classification\Garbage_Classification_Organized\garbage_dataset\test\有害\有害45.jpg,4,有害,4,有害,0.947227418422699,1,2.757999999630556
276,tflite_float32,D:\Garbage Classification\Garbage_Classification_Organized\garbage_dataset\test\有害\有害48.jpg,4,有害,1,其他,0.9359208345413208,0,2.6741000001493376
277,tflite_float32,D:\Garbage Classification\Garbage_Classification_Organized\garbage_dataset\test\有害\有害5.jpg,4,有害,4,有害,0.9977362155914307,1,2.69529999968654
278,tflite_float32,D:\Garbage Classification\Garbage_Classification_Organized\garbage_dataset\test\有害\有害59.jpg,4,有害,4,有害,0.9974197149276733,1,2.928399999291287
279,tflite_float32,D:\Garbage Classification\Garbage_Classification_Organized\garbage_dataset\test\有害\有害78.jpg,4,有害,4,有害,0.9834250807762146,1,2.813899999637215
280,tflite_float32,D:\Garbage Classification\Garbage_Classification_Organized\garbage_dataset\test\有害\有害82.jpg,4,有害,4,有害,0.9975663423538208,1,2.796200000375393
281,tflite_float32,D:\Garbage Classification\Garbage_Classification_Organized\garbage_dataset\test\有害\有害92.jpg,4,有害,4,有害,0.7434481382369995,1,2.819700000145531
282,tflite_float32,D:\Garbage Classification\Garbage_Classification_Organized\garbage_dataset\test\有害\有害98.jpg,4,有害,4,有害,0.9375981092453003,1,2.8243999995538616
283,tflite_float32,D:\Garbage Classification\Garbage_Classification_Organized\garbage_dataset\test\有害\有害99.jpg,4,有害,4,有害,0.897851824760437,1,2.8280999995331513
284,tflite_float32,D:\Garbage Classification\Garbage_Classification_Organized\garbage_dataset\test\有害\有害_0007.jpg,4,有害,4,有害,0.999789297580719,1,2.9163999997763312
285,tflite_float32,D:\Garbage Classification\Garbage_Classification_Organized\garbage_dataset\test\有害\有害_0011.jpg,4,有害,4,有害,0.9999580383300781,1,2.7709999994840473
286,tflite_float32,D:\Garbage Classification\Garbage_Classification_Organized\garbage_dataset\test\有害\有害_0014.jpg,4,有害,4,有害,0.9997121691703796,1,2.7479000000312226
287,tflite_float32,D:\Garbage Classification\Garbage_Classification_Organized\garbage_dataset\test\有害\有害_0015.jpg,4,有害,4,有害,0.9998615980148315,1,2.8006000002278597
288,tflite_float32,D:\Garbage Classification\Garbage_Classification_Organized\garbage_dataset\test\有害\有害_0017.jpg,4,有害,4,有害,0.9761664271354675,1,2.7576000002227374
289,tflite_float32,D:\Garbage Classification\Garbage_Classification_Organized\garbage_dataset\test\有害\有害_0031.jpg,4,有害,4,有害,0.9980415105819702,1,2.7593000004344503
290,tflite_float32,D:\Garbage Classification\Garbage_Classification_Organized\garbage_dataset\test\有害\有害_0039.jpg,4,有害,4,有害,0.9954537153244019,1,2.77879999975994
291,tflite_float32,D:\Garbage Classification\Garbage_Classification_Organized\garbage_dataset\test\有害\有害_0043.jpg,4,有害,4,有害,0.9860765933990479,1,2.7357999997548177
292,tflite_float32,D:\Garbage Classification\Garbage_Classification_Organized\garbage_dataset\test\有害\有害_0054.jpg,4,有害,4,有害,0.999901294708252,1,2.8231999995114165
293,tflite_float32,D:\Garbage Classification\Garbage_Classification_Organized\garbage_dataset\test\有害\有害_0060.jpg,4,有害,4,有害,0.9997108578681946,1,2.805199999784236
294,tflite_float32,D:\Garbage Classification\Garbage_Classification_Organized\garbage_dataset\test\有害\有害_0064.jpg,4,有害,4,有害,0.9995926022529602,1,2.8843999998571235
295,tflite_float32,D:\Garbage Classification\Garbage_Classification_Organized\garbage_dataset\test\有害\有害_0073.jpg,4,有害,4,有害,0.9992696642875671,1,2.7896999999939
296,tflite_float32,D:\Garbage Classification\Garbage_Classification_Organized\garbage_dataset\test\有害\有害_0083.jpg,4,有害,4,有害,0.9978238344192505,1,2.77020000066841
297,tflite_float32,D:\Garbage Classification\Garbage_Classification_Organized\garbage_dataset\test\有害\有害_0087.jpg,4,有害,4,有害,0.9969046711921692,1,2.714600000217615
298,tflite_float32,D:\Garbage Classification\Garbage_Classification_Organized\garbage_dataset\test\有害\有害_0094.jpg,4,有害,4,有害,0.9979060888290405,1,2.8178999991723686
299,tflite_float32,D:\Garbage Classification\Garbage_Classification_Organized\garbage_dataset\test\有害\有害_0097.jpg,4,有害,4,有害,0.9161502718925476,1,2.697499999158026
300,tflite_float32,D:\Garbage Classification\Garbage_Classification_Organized\garbage_dataset\test\有害\有害_0112.jpg,4,有害,4,有害,0.999458372592926,1,2.8652999999394524
301,tflite_float32,D:\Garbage Classification\Garbage_Classification_Organized\garbage_dataset\test\有害\有害_0113.jpg,4,有害,4,有害,0.9995424747467041,1,2.697200000511657
302,tflite_float32,D:\Garbage Classification\Garbage_Classification_Organized\garbage_dataset\test\有害\有害_0119.jpg,4,有害,4,有害,0.9994809031486511,1,2.7324000002408866
303,tflite_float32,D:\Garbage Classification\Garbage_Classification_Organized\garbage_dataset\test\有害\有害_0141.jpg,4,有害,4,有害,0.9997313618659973,1,2.698199999940698
304,tflite_float32,D:\Garbage Classification\Garbage_Classification_Organized\garbage_dataset\test\有害\有害_0148.jpg,4,有害,4,有害,0.90874844789505,1,2.767900000435475
305,tflite_float32,D:\Garbage Classification\Garbage_Classification_Organized\garbage_dataset\test\有害\有害_0151.jpg,4,有害,4,有害,0.9382269382476807,1,2.767399999356712
306,tflite_float32,D:\Garbage Classification\Garbage_Classification_Organized\garbage_dataset\test\有害\有害_0167.jpg,4,有害,4,有害,0.9145283102989197,1,2.751100000750739
307,tflite_float32,D:\Garbage Classification\Garbage_Classification_Organized\garbage_dataset\test\有害\有害_0169.jpg,4,有害,4,有害,0.7879464030265808,1,2.7116999999634572
308,tflite_float32,D:\Garbage Classification\Garbage_Classification_Organized\garbage_dataset\test\有害\有害_0172.jpg,4,有害,4,有害,0.6819700598716736,1,2.712999999857857
309,tflite_float32,D:\Garbage Classification\Garbage_Classification_Organized\garbage_dataset\test\有害\有害_0179.jpg,4,有害,4,有害,0.7986119389533997,1,2.7090000003227033
310,tflite_float32,D:\Garbage Classification\Garbage_Classification_Organized\garbage_dataset\test\有害\有害_0187.jpg,4,有害,4,有害,0.9465551972389221,1,2.690999999686028
311,tflite_float32,D:\Garbage Classification\Garbage_Classification_Organized\garbage_dataset\test\有害\有害_0189.jpg,4,有害,4,有害,0.9922428727149963,1,2.7104000000690576
312,tflite_float32,D:\Garbage Classification\Garbage_Classification_Organized\garbage_dataset\test\有害\有害_0204.jpg,4,有害,4,有害,0.9923526644706726,1,2.6959999995597173
313,tflite_float32,D:\Garbage Classification\Garbage_Classification_Organized\garbage_dataset\test\有害\有害_0205.jpg,4,有害,4,有害,0.9984999895095825,1,2.6904000005743
314,tflite_float32,D:\Garbage Classification\Garbage_Classification_Organized\garbage_dataset\test\有害\有害_0220.jpg,4,有害,4,有害,0.7599220275878906,1,2.6850000003832974
315,tflite_float32,D:\Garbage Classification\Garbage_Classification_Organized\garbage_dataset\test\有害\有害_0228.jpg,4,有害,4,有害,0.9987239241600037,1,2.8040999995937455
316,tflite_float32,D:\Garbage Classification\Garbage_Classification_Organized\garbage_dataset\test\有害\有害_0264.jpg,4,有害,4,有害,0.9876722693443298,1,2.7245000001130393
317,tflite_float32,D:\Garbage Classification\Garbage_Classification_Organized\garbage_dataset\test\有害\有害_0265.jpg,4,有害,4,有害,0.9709275364875793,1,2.7178999998795916
318,tflite_float32,D:\Garbage Classification\Garbage_Classification_Organized\garbage_dataset\test\有害\有害_0267.jpg,4,有害,4,有害,0.9992765784263611,1,2.709500000491971
319,tflite_float32,D:\Garbage Classification\Garbage_Classification_Organized\garbage_dataset\test\有害\有害_0283.jpg,4,有害,4,有害,0.9760037660598755,1,2.7229000006627757
320,tflite_float32,D:\Garbage Classification\Garbage_Classification_Organized\garbage_dataset\test\有害\有害_0298.jpg,4,有害,4,有害,0.992913544178009,1,2.690199999960896
321,tflite_float32,D:\Garbage Classification\Garbage_Classification_Organized\garbage_dataset\test\有害\有害_0301.jpg,4,有害,4,有害,0.9806930422782898,1,2.728700000261597
322,tflite_float32,D:\Garbage Classification\Garbage_Classification_Organized\garbage_dataset\test\有害\有害_0311.jpg,4,有害,4,有害,0.9975009560585022,1,2.678199999536446
323,tflite_float32,D:\Garbage Classification\Garbage_Classification_Organized\garbage_dataset\test\有害\有害_0325.jpg,4,有害,4,有害,0.5518471598625183,1,2.6932999999189633
324,tflite_float32,D:\Garbage Classification\Garbage_Classification_Organized\garbage_dataset\test\有害\有害_0334.jpg,4,有害,4,有害,0.8609631657600403,1,2.6656999998522224
325,tflite_float32,D:\Garbage Classification\Garbage_Classification_Organized\garbage_dataset\test\有害\有害_0340.jpg,4,有害,4,有害,0.9542672038078308,1,2.7050999997300096
