index,image_path,true_class,pytorch_fp32_pred,pytorch_fp32_conf,pytorch_fp32_correct,onnx_fp32_pred,onnx_fp32_conf,onnx_fp32_correct,tflite_float32_pred,tflite_float32_conf,tflite_float32_correct,all_same_pred
0,D:\Garbage Classification\Garbage_Classification_Organized\garbage_dataset\test\待分拣\其他_0238.jpg,待分拣,待分拣,0.9989628791809082,1,待分拣,0.9989628791809082,1,待分拣,0.9989628791809082,1,1
1,D:\Garbage Classification\Garbage_Classification_Organized\garbage_dataset\test\待分拣\其他_0273.jpg,待分拣,待分拣,0.9998916387557983,1,待分拣,0.9998916387557983,1,待分拣,0.9998916387557983,1,1
2,D:\Garbage Classification\Garbage_Classification_Organized\garbage_dataset\test\待分拣\其他_0276.jpg,待分拣,待分拣,0.9999874830245972,1,待分拣,0.9999874830245972,1,待分拣,0.9999874830245972,1,1
3,D:\Garbage Classification\Garbage_Classification_Organized\garbage_dataset\test\待分拣\其他_0283.jpg,待分拣,待分拣,0.9998210072517395,1,待分拣,0.9998210072517395,1,待分拣,0.9998210072517395,1,1
4,D:\Garbage Classification\Garbage_Classification_Organized\garbage_dataset\test\待分拣\其他_0287.jpg,待分拣,待分拣,0.9998942613601685,1,待分拣,0.9998942613601685,1,待分拣,0.9998942613601685,1,1
5,D:\Garbage Classification\Garbage_Classification_Organized\garbage_dataset\test\待分拣\其他_0356.jpg,待分拣,待分拣,0.9999732971191406,1,待分拣,0.9999732971191406,1,待分拣,0.9999732971191406,1,1
6,D:\Garbage Classification\Garbage_Classification_Organized\garbage_dataset\test\待分拣\其他_0360.jpg,待分拣,待分拣,0.9992914199829102,1,待分拣,0.9992914199829102,1,待分拣,0.9992914199829102,1,1
7,D:\Garbage Classification\Garbage_Classification_Organized\garbage_dataset\test\待分拣\其他_0430.jpg,待分拣,待分拣,0.9994140863418579,1,待分拣,0.9994140863418579,1,待分拣,0.9994140863418579,1,1
8,D:\Garbage Classification\Garbage_Classification_Organized\garbage_dataset\test\待分拣\其他_0465.jpg,待分拣,待分拣,0.9990109205245972,1,待分拣,0.9990109205245972,1,待分拣,0.9990109205245972,1,1
9,D:\Garbage Classification\Garbage_Classification_Organized\garbage_dataset\test\待分拣\其他_0478.jpg,待分拣,待分拣,0.999350368976593,1,待分拣,0.999350368976593,1,待分拣,0.999350368976593,1,1
10,D:\Garbage Classification\Garbage_Classification_Organized\garbage_dataset\test\待分拣\其他_0482.jpg,待分拣,待分拣,0.9999837875366211,1,待分拣,0.9999837875366211,1,待分拣,0.9999837875366211,1,1
11,D:\Garbage Classification\Garbage_Classification_Organized\garbage_dataset\test\待分拣\其他_0516.jpg,待分拣,待分拣,0.9999839067459106,1,待分拣,0.9999839067459106,1,待分拣,0.9999839067459106,1,1
12,D:\Garbage Classification\Garbage_Classification_Organized\garbage_dataset\test\待分拣\其他_0524.jpg,待分拣,待分拣,0.9888705611228943,1,待分拣,0.9888705015182495,1,待分拣,0.9888706803321838,1,1
13,D:\Garbage Classification\Garbage_Classification_Organized\garbage_dataset\test\待分拣\其他_0547.jpg,待分拣,待分拣,0.9996089339256287,1,待分拣,0.9996088147163391,1,待分拣,0.9996088147163391,1,1
14,D:\Garbage Classification\Garbage_Classification_Organized\garbage_dataset\test\待分拣\其他_0556.jpg,待分拣,待分拣,0.9997935891151428,1,待分拣,0.9997935891151428,1,待分拣,0.9997935891151428,1,1
15,D:\Garbage Classification\Garbage_Classification_Organized\garbage_dataset\test\待分拣\其他_0558.jpg,待分拣,待分拣,0.9999775886535645,1,待分拣,0.9999775886535645,1,待分拣,0.9999775886535645,1,1
16,D:\Garbage Classification\Garbage_Classification_Organized\garbage_dataset\test\待分拣\其他_0565.jpg,待分拣,待分拣,0.966635525226593,1,待分拣,0.9666356444358826,1,待分拣,0.9666367173194885,1,1
17,D:\Garbage Classification\Garbage_Classification_Organized\garbage_dataset\test\待分拣\其他_0570.jpg,待分拣,待分拣,0.9999945163726807,1,待分拣,0.9999945163726807,1,待分拣,0.9999945163726807,1,1
18,D:\Garbage Classification\Garbage_Classification_Organized\garbage_dataset\test\待分拣\其他_0572.jpg,待分拣,待分拣,0.9999430179595947,1,待分拣,0.9999430179595947,1,待分拣,0.9999430179595947,1,1
19,D:\Garbage Classification\Garbage_Classification_Organized\garbage_dataset\test\待分拣\可回收_0060.jpg,待分拣,待分拣,0.9998444318771362,1,待分拣,0.9998444318771362,1,待分拣,0.9998444318771362,1,1
20,D:\Garbage Classification\Garbage_Classification_Organized\garbage_dataset\test\待分拣\可回收_0188.jpg,待分拣,待分拣,0.9999992847442627,1,待分拣,0.9999992847442627,1,待分拣,0.9999992847442627,1,1
21,D:\Garbage Classification\Garbage_Classification_Organized\garbage_dataset\test\待分拣\可回收_0244.jpg,待分拣,待分拣,0.9999940395355225,1,待分拣,0.9999940395355225,1,待分拣,0.9999940395355225,1,1
22,D:\Garbage Classification\Garbage_Classification_Organized\garbage_dataset\test\待分拣\可回收_0266.jpg,待分拣,待分拣,0.9999979734420776,1,待分拣,0.9999979734420776,1,待分拣,0.9999979734420776,1,1
23,D:\Garbage Classification\Garbage_Classification_Organized\garbage_dataset\test\待分拣\可回收_0344.jpg,待分拣,待分拣,0.9999990463256836,1,待分拣,0.9999990463256836,1,待分拣,0.9999990463256836,1,1
24,D:\Garbage Classification\Garbage_Classification_Organized\garbage_dataset\test\待分拣\可回收_0376.jpg,待分拣,待分拣,0.9999890327453613,1,待分拣,0.9999890327453613,1,待分拣,0.9999890327453613,1,1
25,D:\Garbage Classification\Garbage_Classification_Organized\garbage_dataset\test\待分拣\待分拣100.jpg,待分拣,待分拣,0.9884965419769287,1,待分拣,0.9884965419769287,1,待分拣,0.9884968996047974,1,1
26,D:\Garbage Classification\Garbage_Classification_Organized\garbage_dataset\test\待分拣\待分拣101.jpg,待分拣,待分拣,0.9799831509590149,1,待分拣,0.9799831509590149,1,待分拣,0.9799830913543701,1,1
27,D:\Garbage Classification\Garbage_Classification_Organized\garbage_dataset\test\待分拣\待分拣109.jpg,待分拣,待分拣,0.970628023147583,1,待分拣,0.970628023147583,1,待分拣,0.9706276655197144,1,1
28,D:\Garbage Classification\Garbage_Classification_Organized\garbage_dataset\test\待分拣\待分拣128.jpg,待分拣,待分拣,0.9999996423721313,1,待分拣,0.9999996423721313,1,待分拣,0.9999996423721313,1,1
29,D:\Garbage Classification\Garbage_Classification_Organized\garbage_dataset\test\待分拣\待分拣134.jpg,待分拣,待分拣,0.9977930784225464,1,待分拣,0.9977930784225464,1,待分拣,0.9977930784225464,1,1
30,D:\Garbage Classification\Garbage_Classification_Organized\garbage_dataset\test\待分拣\待分拣144.jpg,待分拣,待分拣,1.0,1,待分拣,1.0,1,待分拣,1.0,1,1
31,D:\Garbage Classification\Garbage_Classification_Organized\garbage_dataset\test\待分拣\待分拣146.jpg,待分拣,待分拣,1.0,1,待分拣,1.0,1,待分拣,1.0,1,1
32,D:\Garbage Classification\Garbage_Classification_Organized\garbage_dataset\test\待分拣\待分拣147.jpg,待分拣,待分拣,0.999998927116394,1,待分拣,0.999998927116394,1,待分拣,0.999998927116394,1,1
33,D:\Garbage Classification\Garbage_Classification_Organized\garbage_dataset\test\待分拣\待分拣15.jpg,待分拣,待分拣,0.9999972581863403,1,待分拣,0.9999972581863403,1,待分拣,0.9999972581863403,1,1
34,D:\Garbage Classification\Garbage_Classification_Organized\garbage_dataset\test\待分拣\待分拣152.jpg,待分拣,待分拣,0.9999927282333374,1,待分拣,0.9999927282333374,1,待分拣,0.9999927282333374,1,1
35,D:\Garbage Classification\Garbage_Classification_Organized\garbage_dataset\test\待分拣\待分拣153.jpg,待分拣,待分拣,0.999975323677063,1,待分拣,0.999975323677063,1,待分拣,0.999975323677063,1,1
36,D:\Garbage Classification\Garbage_Classification_Organized\garbage_dataset\test\待分拣\待分拣154.jpg,待分拣,待分拣,0.9946200847625732,1,待分拣,0.9946199655532837,1,待分拣,0.9946202039718628,1,1
37,D:\Garbage Classification\Garbage_Classification_Organized\garbage_dataset\test\待分拣\待分拣157.jpg,待分拣,待分拣,0.9999940395355225,1,待分拣,0.9999940395355225,1,待分拣,0.9999940395355225,1,1
38,D:\Garbage Classification\Garbage_Classification_Organized\garbage_dataset\test\待分拣\待分拣161.jpg,待分拣,待分拣,0.9999986886978149,1,待分拣,0.9999986886978149,1,待分拣,0.9999986886978149,1,1
39,D:\Garbage Classification\Garbage_Classification_Organized\garbage_dataset\test\待分拣\待分拣162.jpg,待分拣,待分拣,0.9999871253967285,1,待分拣,0.9999871253967285,1,待分拣,0.9999871253967285,1,1
40,D:\Garbage Classification\Garbage_Classification_Organized\garbage_dataset\test\待分拣\待分拣166.jpg,待分拣,待分拣,0.9999984502792358,1,待分拣,0.9999984502792358,1,待分拣,0.9999984502792358,1,1
41,D:\Garbage Classification\Garbage_Classification_Organized\garbage_dataset\test\待分拣\待分拣177.jpg,待分拣,待分拣,0.9999997615814209,1,待分拣,0.9999997615814209,1,待分拣,0.9999997615814209,1,1
42,D:\Garbage Classification\Garbage_Classification_Organized\garbage_dataset\test\待分拣\待分拣179.jpg,待分拣,待分拣,0.9999971389770508,1,待分拣,0.9999971389770508,1,待分拣,0.9999971389770508,1,1
43,D:\Garbage Classification\Garbage_Classification_Organized\garbage_dataset\test\待分拣\待分拣194.jpg,待分拣,待分拣,0.9999922513961792,1,待分拣,0.9999922513961792,1,待分拣,0.9999922513961792,1,1
44,D:\Garbage Classification\Garbage_Classification_Organized\garbage_dataset\test\待分拣\待分拣195.jpg,待分拣,待分拣,0.9998279809951782,1,待分拣,0.9998279809951782,1,待分拣,0.9998279809951782,1,1
45,D:\Garbage Classification\Garbage_Classification_Organized\garbage_dataset\test\待分拣\待分拣196.jpg,待分拣,待分拣,0.9999971389770508,1,待分拣,0.9999971389770508,1,待分拣,0.9999971389770508,1,1
46,D:\Garbage Classification\Garbage_Classification_Organized\garbage_dataset\test\待分拣\待分拣198.jpg,待分拣,待分拣,0.9999877214431763,1,待分拣,0.9999877214431763,1,待分拣,0.9999877214431763,1,1
47,D:\Garbage Classification\Garbage_Classification_Organized\garbage_dataset\test\待分拣\待分拣199.jpg,待分拣,待分拣,0.9999988079071045,1,待分拣,0.9999988079071045,1,待分拣,0.9999988079071045,1,1
48,D:\Garbage Classification\Garbage_Classification_Organized\garbage_dataset\test\待分拣\待分拣20.jpg,待分拣,待分拣,0.9999828338623047,1,待分拣,0.9999828338623047,1,待分拣,0.9999828338623047,1,1
49,D:\Garbage Classification\Garbage_Classification_Organized\garbage_dataset\test\待分拣\待分拣204.jpg,待分拣,待分拣,0.999904990196228,1,待分拣,0.999904990196228,1,待分拣,0.999904990196228,1,1
50,D:\Garbage Classification\Garbage_Classification_Organized\garbage_dataset\test\待分拣\待分拣207.jpg,待分拣,待分拣,0.9999991655349731,1,待分拣,0.9999991655349731,1,待分拣,0.9999991655349731,1,1
51,D:\Garbage Classification\Garbage_Classification_Organized\garbage_dataset\test\待分拣\待分拣218.jpg,待分拣,待分拣,0.9999979734420776,1,待分拣,0.9999979734420776,1,待分拣,0.9999979734420776,1,1
52,D:\Garbage Classification\Garbage_Classification_Organized\garbage_dataset\test\待分拣\待分拣221.jpg,待分拣,待分拣,0.9999958276748657,1,待分拣,0.9999958276748657,1,待分拣,0.9999958276748657,1,1
53,D:\Garbage Classification\Garbage_Classification_Organized\garbage_dataset\test\待分拣\待分拣241.jpg,待分拣,待分拣,0.999774158000946,1,待分拣,0.999774158000946,1,待分拣,0.999774158000946,1,1
54,D:\Garbage Classification\Garbage_Classification_Organized\garbage_dataset\test\待分拣\待分拣242.jpg,待分拣,待分拣,0.9999997615814209,1,待分拣,0.9999997615814209,1,待分拣,0.9999997615814209,1,1
55,D:\Garbage Classification\Garbage_Classification_Organized\garbage_dataset\test\待分拣\待分拣250.jpg,待分拣,待分拣,0.9999980926513672,1,待分拣,0.9999980926513672,1,待分拣,0.9999980926513672,1,1
56,D:\Garbage Classification\Garbage_Classification_Organized\garbage_dataset\test\待分拣\待分拣261.jpg,待分拣,待分拣,0.9999935626983643,1,待分拣,0.9999935626983643,1,待分拣,0.9999935626983643,1,1
57,D:\Garbage Classification\Garbage_Classification_Organized\garbage_dataset\test\待分拣\待分拣265.jpg,待分拣,待分拣,0.999998927116394,1,待分拣,0.999998927116394,1,待分拣,0.999998927116394,1,1
58,D:\Garbage Classification\Garbage_Classification_Organized\garbage_dataset\test\待分拣\待分拣269.jpg,待分拣,待分拣,0.999929666519165,1,待分拣,0.999929666519165,1,待分拣,0.999929666519165,1,1
59,D:\Garbage Classification\Garbage_Classification_Organized\garbage_dataset\test\待分拣\待分拣279.jpg,待分拣,待分拣,0.9999980926513672,1,待分拣,0.9999980926513672,1,待分拣,0.9999980926513672,1,1
60,D:\Garbage Classification\Garbage_Classification_Organized\garbage_dataset\test\待分拣\待分拣282.jpg,待分拣,待分拣,0.9999794960021973,1,待分拣,0.9999794960021973,1,待分拣,0.9999794960021973,1,1
61,D:\Garbage Classification\Garbage_Classification_Organized\garbage_dataset\test\待分拣\待分拣30.jpg,待分拣,待分拣,0.999953031539917,1,待分拣,0.999953031539917,1,待分拣,0.999953031539917,1,1
62,D:\Garbage Classification\Garbage_Classification_Organized\garbage_dataset\test\待分拣\待分拣33.jpg,待分拣,待分拣,0.9800470471382141,1,待分拣,0.9800469279289246,1,待分拣,0.9800480008125305,1,1
63,D:\Garbage Classification\Garbage_Classification_Organized\garbage_dataset\test\待分拣\待分拣39.jpg,待分拣,待分拣,0.9803252816200256,1,待分拣,0.980324923992157,1,待分拣,0.9803251624107361,1,1
64,D:\Garbage Classification\Garbage_Classification_Organized\garbage_dataset\test\待分拣\待分拣46.jpg,待分拣,待分拣,0.9997318387031555,1,待分拣,0.9997318387031555,1,待分拣,0.9997318387031555,1,1
65,D:\Garbage Classification\Garbage_Classification_Organized\garbage_dataset\test\待分拣\待分拣47.jpg,待分拣,待分拣,0.9672302603721619,1,待分拣,0.9672297835350037,1,待分拣,0.9672304391860962,1,1
66,D:\Garbage Classification\Garbage_Classification_Organized\garbage_dataset\test\待分拣\待分拣48.jpg,待分拣,待分拣,0.9999779462814331,1,待分拣,0.9999779462814331,1,待分拣,0.9999779462814331,1,1
67,D:\Garbage Classification\Garbage_Classification_Organized\garbage_dataset\test\待分拣\待分拣62.jpg,待分拣,待分拣,0.9999747276306152,1,待分拣,0.9999747276306152,1,待分拣,0.9999747276306152,1,1
68,D:\Garbage Classification\Garbage_Classification_Organized\garbage_dataset\test\待分拣\待分拣67.jpg,待分拣,待分拣,0.9997289776802063,1,待分拣,0.9997289776802063,1,待分拣,0.9997289776802063,1,1
69,D:\Garbage Classification\Garbage_Classification_Organized\garbage_dataset\test\待分拣\待分拣84.jpg,待分拣,待分拣,0.9716595411300659,1,待分拣,0.9716594219207764,1,待分拣,0.971659243106842,1,1
70,D:\Garbage Classification\Garbage_Classification_Organized\garbage_dataset\test\待分拣\待分拣87.jpg,待分拣,待分拣,0.9560036659240723,1,待分拣,0.9560037851333618,1,待分拣,0.9560036659240723,1,1
71,D:\Garbage Classification\Garbage_Classification_Organized\garbage_dataset\test\待分拣\待分拣92.jpg,待分拣,待分拣,0.9643442630767822,1,待分拣,0.9643445014953613,1,待分拣,0.9643443822860718,1,1
72,D:\Garbage Classification\Garbage_Classification_Organized\garbage_dataset\test\待分拣\待分拣_0014.jpg,待分拣,待分拣,0.999173104763031,1,待分拣,0.999173104763031,1,待分拣,0.999173104763031,1,1
73,D:\Garbage Classification\Garbage_Classification_Organized\garbage_dataset\test\待分拣\待分拣_0019.jpg,待分拣,待分拣,0.9999434947967529,1,待分拣,0.9999434947967529,1,待分拣,0.9999434947967529,1,1
74,D:\Garbage Classification\Garbage_Classification_Organized\garbage_dataset\test\待分拣\待分拣_0024.jpg,待分拣,待分拣,0.9998859167098999,1,待分拣,0.9998859167098999,1,待分拣,0.9998859167098999,1,1
75,D:\Garbage Classification\Garbage_Classification_Organized\garbage_dataset\test\待分拣\待分拣_0025.jpg,待分拣,待分拣,0.9999909400939941,1,待分拣,0.9999909400939941,1,待分拣,0.9999909400939941,1,1
76,D:\Garbage Classification\Garbage_Classification_Organized\garbage_dataset\test\待分拣\待分拣_0028.jpg,待分拣,待分拣,0.9998825788497925,1,待分拣,0.9998825788497925,1,待分拣,0.9998825788497925,1,1
77,D:\Garbage Classification\Garbage_Classification_Organized\garbage_dataset\test\待分拣\待分拣_0066.jpg,待分拣,待分拣,0.9999904632568359,1,待分拣,0.9999904632568359,1,待分拣,0.9999904632568359,1,1
78,D:\Garbage Classification\Garbage_Classification_Organized\garbage_dataset\test\待分拣\待分拣_0072.jpg,待分拣,待分拣,0.9999899864196777,1,待分拣,0.9999899864196777,1,待分拣,0.9999899864196777,1,1
79,D:\Garbage Classification\Garbage_Classification_Organized\garbage_dataset\test\待分拣\待分拣_0101.jpg,待分拣,待分拣,0.9999927282333374,1,待分拣,0.9999927282333374,1,待分拣,0.9999927282333374,1,1
80,D:\Garbage Classification\Garbage_Classification_Organized\garbage_dataset\test\待分拣\待分拣_0104.jpg,待分拣,待分拣,0.9999985694885254,1,待分拣,0.9999985694885254,1,待分拣,0.9999985694885254,1,1
81,D:\Garbage Classification\Garbage_Classification_Organized\garbage_dataset\test\待分拣\待分拣_0106.jpg,待分拣,待分拣,0.9999982118606567,1,待分拣,0.9999982118606567,1,待分拣,0.9999982118606567,1,1
82,D:\Garbage Classification\Garbage_Classification_Organized\garbage_dataset\test\待分拣\待分拣_0113.jpg,待分拣,待分拣,0.9048600196838379,1,待分拣,0.9048601388931274,1,待分拣,0.9048603177070618,1,1
83,D:\Garbage Classification\Garbage_Classification_Organized\garbage_dataset\test\待分拣\待分拣_0120.jpg,待分拣,待分拣,0.9241684079170227,1,待分拣,0.9241684675216675,1,待分拣,0.9241690635681152,1,1
84,D:\Garbage Classification\Garbage_Classification_Organized\garbage_dataset\test\待分拣\待分拣_0125.jpg,待分拣,待分拣,0.9256090521812439,1,待分拣,0.9256076216697693,1,待分拣,0.9256075620651245,1,1
85,D:\Garbage Classification\Garbage_Classification_Organized\garbage_dataset\test\待分拣\待分拣_0129.jpg,待分拣,待分拣,0.9185876846313477,1,待分拣,0.9185869693756104,1,待分拣,0.9185857772827148,1,1
86,D:\Garbage Classification\Garbage_Classification_Organized\garbage_dataset\test\待分拣\待分拣_0135.jpg,待分拣,待分拣,0.9274730682373047,1,待分拣,0.9274722337722778,1,待分拣,0.9274727702140808,1,1
87,D:\Garbage Classification\Garbage_Classification_Organized\garbage_dataset\test\待分拣\待分拣_0146.jpg,待分拣,待分拣,0.9999996423721313,1,待分拣,0.9999996423721313,1,待分拣,0.9999996423721313,1,1
88,D:\Garbage Classification\Garbage_Classification_Organized\garbage_dataset\test\待分拣\待分拣_0158.jpg,待分拣,待分拣,0.9410204291343689,1,待分拣,0.9410200119018555,1,待分拣,0.9410204291343689,1,1
89,D:\Garbage Classification\Garbage_Classification_Organized\garbage_dataset\test\待分拣\待分拣_0159.jpg,待分拣,待分拣,0.925463855266571,1,待分拣,0.9254631400108337,1,待分拣,0.9254639744758606,1,1
90,D:\Garbage Classification\Garbage_Classification_Organized\garbage_dataset\test\待分拣\待分拣_0171.jpg,待分拣,待分拣,0.9719728827476501,1,待分拣,0.9719724059104919,1,待分拣,0.9719731211662292,1,1
91,D:\Garbage Classification\Garbage_Classification_Organized\garbage_dataset\test\待分拣\待分拣_0173.jpg,待分拣,待分拣,0.9928553700447083,1,待分拣,0.9928554892539978,1,待分拣,0.9928553700447083,1,1
92,D:\Garbage Classification\Garbage_Classification_Organized\garbage_dataset\test\待分拣\待分拣_0201.jpg,待分拣,待分拣,0.9999974966049194,1,待分拣,0.9999974966049194,1,待分拣,0.9999974966049194,1,1
93,D:\Garbage Classification\Garbage_Classification_Organized\garbage_dataset\test\待分拣\待分拣_0207.jpg,待分拣,待分拣,0.9594606757164001,1,待分拣,0.9594603776931763,1,待分拣,0.9594614505767822,1,1
94,D:\Garbage Classification\Garbage_Classification_Organized\garbage_dataset\test\待分拣\待分拣_0209.jpg,待分拣,待分拣,0.9999986886978149,1,待分拣,0.9999986886978149,1,待分拣,0.9999986886978149,1,1
95,D:\Garbage Classification\Garbage_Classification_Organized\garbage_dataset\test\待分拣\有害_0047.jpg,待分拣,待分拣,0.9999949932098389,1,待分拣,0.9999949932098389,1,待分拣,0.9999949932098389,1,1
96,D:\Garbage Classification\Garbage_Classification_Organized\garbage_dataset\test\待分拣\有害_0149.jpg,待分拣,待分拣,0.9999995231628418,1,待分拣,0.9999995231628418,1,待分拣,0.9999995231628418,1,1
97,D:\Garbage Classification\Garbage_Classification_Organized\garbage_dataset\test\待分拣\有害_0178.jpg,待分拣,待分拣,0.9999874830245972,1,待分拣,0.9999874830245972,1,待分拣,0.9999874830245972,1,1
98,D:\Garbage Classification\Garbage_Classification_Organized\garbage_dataset\test\待分拣\有害_0209.jpg,待分拣,待分拣,1.0,1,待分拣,1.0,1,待分拣,1.0,1,1
99,D:\Garbage Classification\Garbage_Classification_Organized\garbage_dataset\test\待分拣\有害_0231.jpg,待分拣,待分拣,0.9999997615814209,1,待分拣,0.9999997615814209,1,待分拣,0.9999997615814209,1,1
100,D:\Garbage Classification\Garbage_Classification_Organized\garbage_dataset\test\待分拣\有害_0258.jpg,待分拣,待分拣,0.9999808073043823,1,待分拣,0.9999808073043823,1,待分拣,0.9999808073043823,1,1
101,D:\Garbage Classification\Garbage_Classification_Organized\garbage_dataset\test\待分拣\有害_0263.jpg,待分拣,待分拣,0.9999991655349731,1,待分拣,0.9999991655349731,1,待分拣,0.9999991655349731,1,1
102,D:\Garbage Classification\Garbage_Classification_Organized\garbage_dataset\test\待分拣\有害_0277.jpg,待分拣,待分拣,0.9999984502792358,1,待分拣,0.9999984502792358,1,待分拣,0.9999984502792358,1,1
103,D:\Garbage Classification\Garbage_Classification_Organized\garbage_dataset\test\待分拣\有害_0292.jpg,待分拣,待分拣,0.9999998807907104,1,待分拣,0.9999998807907104,1,待分拣,0.9999998807907104,1,1
104,D:\Garbage Classification\Garbage_Classification_Organized\garbage_dataset\test\其他\其他108.jpg,其他,其他,0.9993539452552795,1,其他,0.9993539452552795,1,其他,0.9993539452552795,1,1
105,D:\Garbage Classification\Garbage_Classification_Organized\garbage_dataset\test\其他\其他11.jpg,其他,其他,0.9999220371246338,1,其他,0.9999220371246338,1,其他,0.9999220371246338,1,1
106,D:\Garbage Classification\Garbage_Classification_Organized\garbage_dataset\test\其他\其他116.jpg,其他,其他,0.9740456938743591,1,其他,0.9740463495254517,1,其他,0.9740476012229919,1,1
107,D:\Garbage Classification\Garbage_Classification_Organized\garbage_dataset\test\其他\其他117.jpg,其他,其他,0.9998548030853271,1,其他,0.9998548030853271,1,其他,0.9998548030853271,1,1
108,D:\Garbage Classification\Garbage_Classification_Organized\garbage_dataset\test\其他\其他122.jpg,其他,其他,0.999997615814209,1,其他,0.999997615814209,1,其他,0.999997615814209,1,1
109,D:\Garbage Classification\Garbage_Classification_Organized\garbage_dataset\test\其他\其他125.jpg,其他,其他,0.9964746832847595,1,其他,0.99647456407547,1,其他,0.99647456407547,1,1
110,D:\Garbage Classification\Garbage_Classification_Organized\garbage_dataset\test\其他\其他127.jpg,其他,其他,0.9999982118606567,1,其他,0.9999982118606567,1,其他,0.9999982118606567,1,1
111,D:\Garbage Classification\Garbage_Classification_Organized\garbage_dataset\test\其他\其他136.jpg,其他,其他,0.9999943971633911,1,其他,0.9999943971633911,1,其他,0.9999943971633911,1,1
112,D:\Garbage Classification\Garbage_Classification_Organized\garbage_dataset\test\其他\其他137.jpg,其他,其他,0.9999942779541016,1,其他,0.9999942779541016,1,其他,0.9999942779541016,1,1
113,D:\Garbage Classification\Garbage_Classification_Organized\garbage_dataset\test\其他\其他147.jpg,其他,其他,0.9999998807907104,1,其他,0.9999998807907104,1,其他,0.9999998807907104,1,1
114,D:\Garbage Classification\Garbage_Classification_Organized\garbage_dataset\test\其他\其他162.jpg,其他,其他,0.9999942779541016,1,其他,0.9999942779541016,1,其他,0.9999942779541016,1,1
115,D:\Garbage Classification\Garbage_Classification_Organized\garbage_dataset\test\其他\其他169.jpg,其他,其他,0.9937040209770203,1,其他,0.9937041401863098,1,其他,0.9937040209770203,1,1
116,D:\Garbage Classification\Garbage_Classification_Organized\garbage_dataset\test\其他\其他174.jpg,其他,其他,0.9999915361404419,1,其他,0.9999915361404419,1,其他,0.9999915361404419,1,1
117,D:\Garbage Classification\Garbage_Classification_Organized\garbage_dataset\test\其他\其他178.jpg,其他,其他,0.997057318687439,1,其他,0.997057318687439,1,其他,0.997057318687439,1,1
118,D:\Garbage Classification\Garbage_Classification_Organized\garbage_dataset\test\其他\其他179.jpg,其他,其他,0.9932395219802856,1,其他,0.9932395219802856,1,其他,0.9932394027709961,1,1
119,D:\Garbage Classification\Garbage_Classification_Organized\garbage_dataset\test\其他\其他193.jpg,其他,其他,0.9880415201187134,1,其他,0.9880416393280029,1,其他,0.9880411624908447,1,1
120,D:\Garbage Classification\Garbage_Classification_Organized\garbage_dataset\test\其他\其他197.jpg,其他,其他,0.9999992847442627,1,其他,0.9999992847442627,1,其他,0.9999992847442627,1,1
121,D:\Garbage Classification\Garbage_Classification_Organized\garbage_dataset\test\其他\其他199.jpg,其他,其他,0.9999994039535522,1,其他,0.9999994039535522,1,其他,0.9999994039535522,1,1
122,D:\Garbage Classification\Garbage_Classification_Organized\garbage_dataset\test\其他\其他204.jpg,其他,其他,0.9999938011169434,1,其他,0.9999938011169434,1,其他,0.9999938011169434,1,1
123,D:\Garbage Classification\Garbage_Classification_Organized\garbage_dataset\test\其他\其他21.jpg,其他,其他,0.9999819993972778,1,其他,0.9999819993972778,1,其他,0.9999819993972778,1,1
124,D:\Garbage Classification\Garbage_Classification_Organized\garbage_dataset\test\其他\其他215.jpg,其他,其他,0.9998853206634521,1,其他,0.9998853206634521,1,其他,0.9998853206634521,1,1
125,D:\Garbage Classification\Garbage_Classification_Organized\garbage_dataset\test\其他\其他24.jpg,其他,其他,0.9937934875488281,1,其他,0.9937934875488281,1,其他,0.9937934875488281,1,1
126,D:\Garbage Classification\Garbage_Classification_Organized\garbage_dataset\test\其他\其他25.jpg,其他,其他,0.999916672706604,1,其他,0.999916672706604,1,其他,0.999916672706604,1,1
127,D:\Garbage Classification\Garbage_Classification_Organized\garbage_dataset\test\其他\其他253.jpg,其他,其他,0.9999923706054688,1,其他,0.9999923706054688,1,其他,0.9999923706054688,1,1
128,D:\Garbage Classification\Garbage_Classification_Organized\garbage_dataset\test\其他\其他261.jpg,其他,其他,0.9745931625366211,1,其他,0.974592924118042,1,其他,0.9745927453041077,1,1
129,D:\Garbage Classification\Garbage_Classification_Organized\garbage_dataset\test\其他\其他267.jpg,其他,其他,0.9999003410339355,1,其他,0.9999003410339355,1,其他,0.9999003410339355,1,1
130,D:\Garbage Classification\Garbage_Classification_Organized\garbage_dataset\test\其他\其他275.jpg,其他,其他,0.9999997615814209,1,其他,0.9999997615814209,1,其他,0.9999997615814209,1,1
131,D:\Garbage Classification\Garbage_Classification_Organized\garbage_dataset\test\其他\其他3.jpg,其他,其他,0.9999995231628418,1,其他,0.9999995231628418,1,其他,0.9999995231628418,1,1
132,D:\Garbage Classification\Garbage_Classification_Organized\garbage_dataset\test\其他\其他30.jpg,其他,其他,0.9999995231628418,1,其他,0.9999995231628418,1,其他,0.9999995231628418,1,1
133,D:\Garbage Classification\Garbage_Classification_Organized\garbage_dataset\test\其他\其他42.jpg,其他,其他,0.9999946355819702,1,其他,0.9999946355819702,1,其他,0.9999946355819702,1,1
134,D:\Garbage Classification\Garbage_Classification_Organized\garbage_dataset\test\其他\其他48.jpg,其他,其他,0.9997380375862122,1,其他,0.9997380375862122,1,其他,0.9997381567955017,1,1
135,D:\Garbage Classification\Garbage_Classification_Organized\garbage_dataset\test\其他\其他53.jpg,其他,其他,0.9999958276748657,1,其他,0.9999958276748657,1,其他,0.9999958276748657,1,1
136,D:\Garbage Classification\Garbage_Classification_Organized\garbage_dataset\test\其他\其他67.jpg,其他,其他,0.9999866485595703,1,其他,0.9999866485595703,1,其他,0.9999866485595703,1,1
137,D:\Garbage Classification\Garbage_Classification_Organized\garbage_dataset\test\其他\其他7.jpg,其他,其他,0.9999992847442627,1,其他,0.9999992847442627,1,其他,0.9999992847442627,1,1
138,D:\Garbage Classification\Garbage_Classification_Organized\garbage_dataset\test\其他\其他70.jpg,其他,其他,0.999923825263977,1,其他,0.999923825263977,1,其他,0.999923825263977,1,1
139,D:\Garbage Classification\Garbage_Classification_Organized\garbage_dataset\test\其他\其他71.jpg,其他,其他,0.9999990463256836,1,其他,0.9999990463256836,1,其他,0.9999990463256836,1,1
140,D:\Garbage Classification\Garbage_Classification_Organized\garbage_dataset\test\其他\其他73.jpg,其他,其他,0.9999997615814209,1,其他,0.9999997615814209,1,其他,0.9999997615814209,1,1
141,D:\Garbage Classification\Garbage_Classification_Organized\garbage_dataset\test\其他\其他75.jpg,其他,其他,1.0,1,其他,1.0,1,其他,1.0,1,1
142,D:\Garbage Classification\Garbage_Classification_Organized\garbage_dataset\test\其他\其他8.jpg,其他,其他,0.999980092048645,1,其他,0.999980092048645,1,其他,0.999980092048645,1,1
143,D:\Garbage Classification\Garbage_Classification_Organized\garbage_dataset\test\其他\其他83.jpg,其他,其他,0.9999868869781494,1,其他,0.9999868869781494,1,其他,0.9999868869781494,1,1
144,D:\Garbage Classification\Garbage_Classification_Organized\garbage_dataset\test\其他\其他85.jpg,其他,其他,0.9868985414505005,1,其他,0.9868991374969482,1,其他,0.9868993759155273,1,1
145,D:\Garbage Classification\Garbage_Classification_Organized\garbage_dataset\test\其他\其他94.jpg,其他,其他,0.9999921321868896,1,其他,0.9999921321868896,1,其他,0.9999921321868896,1,1
146,D:\Garbage Classification\Garbage_Classification_Organized\garbage_dataset\test\其他\其他96.jpg,其他,其他,0.9999715089797974,1,其他,0.9999715089797974,1,其他,0.9999715089797974,1,1
147,D:\Garbage Classification\Garbage_Classification_Organized\garbage_dataset\test\其他\其他_0003.jpg,其他,其他,0.9999423027038574,1,其他,0.9999423027038574,1,其他,0.9999423027038574,1,1
148,D:\Garbage Classification\Garbage_Classification_Organized\garbage_dataset\test\其他\其他_0005.jpg,其他,其他,0.9999959468841553,1,其他,0.9999959468841553,1,其他,0.9999959468841553,1,1
149,D:\Garbage Classification\Garbage_Classification_Organized\garbage_dataset\test\其他\其他_0006.jpg,其他,其他,0.9999957084655762,1,其他,0.9999957084655762,1,其他,0.9999957084655762,1,1
150,D:\Garbage Classification\Garbage_Classification_Organized\garbage_dataset\test\其他\其他_0007.jpg,其他,其他,0.9999972581863403,1,其他,0.9999972581863403,1,其他,0.9999972581863403,1,1
151,D:\Garbage Classification\Garbage_Classification_Organized\garbage_dataset\test\其他\其他_0032.jpg,其他,其他,0.9999977350234985,1,其他,0.9999977350234985,1,其他,0.9999977350234985,1,1
152,D:\Garbage Classification\Garbage_Classification_Organized\garbage_dataset\test\其他\其他_0043.jpg,其他,其他,0.9999997615814209,1,其他,0.9999997615814209,1,其他,0.9999997615814209,1,1
153,D:\Garbage Classification\Garbage_Classification_Organized\garbage_dataset\test\其他\其他_0044.jpg,其他,其他,0.9942264556884766,1,其他,0.9942264556884766,1,其他,0.9942263960838318,1,1
154,D:\Garbage Classification\Garbage_Classification_Organized\garbage_dataset\test\其他\其他_0055.jpg,其他,其他,0.9992642998695374,1,其他,0.9992642998695374,1,其他,0.9992642998695374,1,1
155,D:\Garbage Classification\Garbage_Classification_Organized\garbage_dataset\test\其他\其他_0057.jpg,其他,其他,0.9958285689353943,1,其他,0.9958285689353943,1,其他,0.9958286881446838,1,1
156,D:\Garbage Classification\Garbage_Classification_Organized\garbage_dataset\test\其他\其他_0071.jpg,其他,其他,0.9999951124191284,1,其他,0.9999951124191284,1,其他,0.9999951124191284,1,1
157,D:\Garbage Classification\Garbage_Classification_Organized\garbage_dataset\test\其他\其他_0077.jpg,其他,其他,0.9999960660934448,1,其他,0.9999960660934448,1,其他,0.9999960660934448,1,1
158,D:\Garbage Classification\Garbage_Classification_Organized\garbage_dataset\test\其他\其他_0078.jpg,其他,其他,0.9999969005584717,1,其他,0.9999969005584717,1,其他,0.9999969005584717,1,1
159,D:\Garbage Classification\Garbage_Classification_Organized\garbage_dataset\test\其他\其他_0087.jpg,其他,其他,0.9999995231628418,1,其他,0.9999995231628418,1,其他,0.9999995231628418,1,1
160,D:\Garbage Classification\Garbage_Classification_Organized\garbage_dataset\test\其他\其他_0091.jpg,其他,其他,0.9998871088027954,1,其他,0.9998871088027954,1,其他,0.9998871088027954,1,1
161,D:\Garbage Classification\Garbage_Classification_Organized\garbage_dataset\test\其他\其他_0097.jpg,其他,其他,0.999995231628418,1,其他,0.999995231628418,1,其他,0.999995231628418,1,1
162,D:\Garbage Classification\Garbage_Classification_Organized\garbage_dataset\test\其他\其他_0105.jpg,其他,其他,0.9980681538581848,1,其他,0.9980682730674744,1,其他,0.9980682730674744,1,1
163,D:\Garbage Classification\Garbage_Classification_Organized\garbage_dataset\test\其他\其他_0112.jpg,其他,其他,0.9723269939422607,1,其他,0.9723269939422607,1,其他,0.972326397895813,1,1
164,D:\Garbage Classification\Garbage_Classification_Organized\garbage_dataset\test\其他\其他_0114.jpg,其他,其他,0.9998539686203003,1,其他,0.9998539686203003,1,其他,0.9998539686203003,1,1
165,D:\Garbage Classification\Garbage_Classification_Organized\garbage_dataset\test\其他\其他_0119.jpg,其他,其他,0.9985272884368896,1,其他,0.9985272884368896,1,其他,0.9985272884368896,1,1
166,D:\Garbage Classification\Garbage_Classification_Organized\garbage_dataset\test\其他\其他_0123.jpg,其他,其他,0.9999995231628418,1,其他,0.9999995231628418,1,其他,0.9999995231628418,1,1
167,D:\Garbage Classification\Garbage_Classification_Organized\garbage_dataset\test\其他\其他_0151.jpg,其他,其他,0.9999966621398926,1,其他,0.9999966621398926,1,其他,0.9999966621398926,1,1
168,D:\Garbage Classification\Garbage_Classification_Organized\garbage_dataset\test\其他\其他_0161.jpg,其他,其他,0.9999688863754272,1,其他,0.9999688863754272,1,其他,0.9999688863754272,1,1
169,D:\Garbage Classification\Garbage_Classification_Organized\garbage_dataset\test\其他\其他_0178.jpg,其他,其他,0.9999972581863403,1,其他,0.9999972581863403,1,其他,0.9999972581863403,1,1
170,D:\Garbage Classification\Garbage_Classification_Organized\garbage_dataset\test\其他\其他_0179.jpg,其他,其他,0.999997615814209,1,其他,0.999997615814209,1,其他,0.999997615814209,1,1
171,D:\Garbage Classification\Garbage_Classification_Organized\garbage_dataset\test\其他\其他_0187.jpg,其他,其他,0.9999963045120239,1,其他,0.9999963045120239,1,其他,0.9999963045120239,1,1
172,D:\Garbage Classification\Garbage_Classification_Organized\garbage_dataset\test\其他\其他_0192.jpg,其他,其他,0.9999997615814209,1,其他,0.9999997615814209,1,其他,0.9999997615814209,1,1
173,D:\Garbage Classification\Garbage_Classification_Organized\garbage_dataset\test\其他\其他_0194.jpg,其他,其他,0.9999992847442627,1,其他,0.9999992847442627,1,其他,0.9999992847442627,1,1
174,D:\Garbage Classification\Garbage_Classification_Organized\garbage_dataset\test\其他\其他_0196.jpg,其他,其他,0.9999896287918091,1,其他,0.9999896287918091,1,其他,0.9999896287918091,1,1
175,D:\Garbage Classification\Garbage_Classification_Organized\garbage_dataset\test\其他\其他_0213.jpg,其他,其他,0.9999756813049316,1,其他,0.9999756813049316,1,其他,0.9999756813049316,1,1
176,D:\Garbage Classification\Garbage_Classification_Organized\garbage_dataset\test\其他\其他_0224.jpg,其他,其他,0.999428927898407,1,其他,0.999428927898407,1,其他,0.999428927898407,1,1
177,D:\Garbage Classification\Garbage_Classification_Organized\garbage_dataset\test\其他\其他_0237.jpg,其他,其他,0.9994031190872192,1,其他,0.9994029998779297,1,其他,0.9994031190872192,1,1
178,D:\Garbage Classification\Garbage_Classification_Organized\garbage_dataset\test\其他\其他_0239.jpg,其他,其他,0.998304009437561,1,其他,0.998304009437561,1,其他,0.998304009437561,1,1
179,D:\Garbage Classification\Garbage_Classification_Organized\garbage_dataset\test\其他\其他_0253.jpg,其他,其他,0.9997449517250061,1,其他,0.9997449517250061,1,其他,0.9997449517250061,1,1
180,D:\Garbage Classification\Garbage_Classification_Organized\garbage_dataset\test\其他\其他_0262.jpg,其他,其他,0.9996849298477173,1,其他,0.9996849298477173,1,其他,0.9996848106384277,1,1
181,D:\Garbage Classification\Garbage_Classification_Organized\garbage_dataset\test\其他\其他_0286.jpg,其他,其他,0.9972108006477356,1,其他,0.9972105622291565,1,其他,0.997210681438446,1,1
182,D:\Garbage Classification\Garbage_Classification_Organized\garbage_dataset\test\其他\其他_0296.jpg,其他,其他,0.9967629909515381,1,其他,0.9967628717422485,1,其他,0.9967628717422485,1,1
183,D:\Garbage Classification\Garbage_Classification_Organized\garbage_dataset\test\其他\其他_0299.jpg,其他,其他,0.9998379945755005,1,其他,0.9998379945755005,1,其他,0.9998379945755005,1,1
184,D:\Garbage Classification\Garbage_Classification_Organized\garbage_dataset\test\其他\其他_0305.jpg,其他,其他,0.9998773336410522,1,其他,0.9998773336410522,1,其他,0.9998773336410522,1,1
185,D:\Garbage Classification\Garbage_Classification_Organized\garbage_dataset\test\其他\其他_0326.jpg,其他,其他,0.9992628693580627,1,其他,0.9992628693580627,1,其他,0.9992628693580627,1,1
186,D:\Garbage Classification\Garbage_Classification_Organized\garbage_dataset\test\其他\其他_0357.jpg,其他,其他,0.9942885637283325,1,其他,0.9942886829376221,1,其他,0.9942885637283325,1,1
187,D:\Garbage Classification\Garbage_Classification_Organized\garbage_dataset\test\其他\其他_0367.jpg,其他,其他,0.9969225525856018,1,其他,0.9969225525856018,1,其他,0.9969226717948914,1,1
188,D:\Garbage Classification\Garbage_Classification_Organized\garbage_dataset\test\其他\其他_0386.jpg,其他,其他,0.9999740123748779,1,其他,0.9999740123748779,1,其他,0.9999740123748779,1,1
189,D:\Garbage Classification\Garbage_Classification_Organized\garbage_dataset\test\其他\其他_0397.jpg,其他,其他,0.9996510744094849,1,其他,0.9996510744094849,1,其他,0.9996510744094849,1,1
190,D:\Garbage Classification\Garbage_Classification_Organized\garbage_dataset\test\其他\其他_0399.jpg,其他,其他,0.9999344348907471,1,其他,0.9999344348907471,1,其他,0.9999344348907471,1,1
191,D:\Garbage Classification\Garbage_Classification_Organized\garbage_dataset\test\其他\其他_0449.jpg,其他,其他,0.9997724890708923,1,其他,0.9997724890708923,1,其他,0.9997724890708923,1,1
192,D:\Garbage Classification\Garbage_Classification_Organized\garbage_dataset\test\其他\其他_0452.jpg,其他,其他,0.9997319579124451,1,其他,0.9997319579124451,1,其他,0.9997319579124451,1,1
193,D:\Garbage Classification\Garbage_Classification_Organized\garbage_dataset\test\其他\其他_0475.jpg,其他,其他,0.9999499320983887,1,其他,0.9999499320983887,1,其他,0.9999499320983887,1,1
194,D:\Garbage Classification\Garbage_Classification_Organized\garbage_dataset\test\其他\其他_0481.jpg,其他,其他,0.9999902248382568,1,其他,0.9999902248382568,1,其他,0.9999902248382568,1,1
195,D:\Garbage Classification\Garbage_Classification_Organized\garbage_dataset\test\其他\其他_0520.jpg,其他,其他,0.9992535710334778,1,其他,0.9992535710334778,1,其他,0.9992535710334778,1,1
196,D:\Garbage Classification\Garbage_Classification_Organized\garbage_dataset\test\其他\其他_0525.jpg,其他,其他,0.9994402527809143,1,其他,0.9994402527809143,1,其他,0.9994402527809143,1,1
197,D:\Garbage Classification\Garbage_Classification_Organized\garbage_dataset\test\其他\其他_0543.jpg,其他,其他,0.999489426612854,1,其他,0.999489426612854,1,其他,0.999489426612854,1,1
198,D:\Garbage Classification\Garbage_Classification_Organized\garbage_dataset\test\其他\其他_0555.jpg,其他,其他,0.9985632300376892,1,其他,0.9985632300376892,1,其他,0.9985632300376892,1,1
199,D:\Garbage Classification\Garbage_Classification_Organized\garbage_dataset\test\其他\其他_0583.jpg,其他,其他,0.8785573840141296,1,其他,0.8785577416419983,1,其他,0.878561794757843,1,1
200,D:\Garbage Classification\Garbage_Classification_Organized\garbage_dataset\test\厨余\厨余108.jpg,厨余,厨余,0.9999558925628662,1,厨余,0.9999558925628662,1,厨余,0.9999558925628662,1,1
201,D:\Garbage Classification\Garbage_Classification_Organized\garbage_dataset\test\厨余\厨余11.jpg,厨余,厨余,0.9999785423278809,1,厨余,0.9999785423278809,1,厨余,0.9999785423278809,1,1
202,D:\Garbage Classification\Garbage_Classification_Organized\garbage_dataset\test\厨余\厨余113.jpg,厨余,厨余,0.9999983310699463,1,厨余,0.9999983310699463,1,厨余,0.9999983310699463,1,1
203,D:\Garbage Classification\Garbage_Classification_Organized\garbage_dataset\test\厨余\厨余114.jpg,厨余,厨余,0.9999798536300659,1,厨余,0.9999798536300659,1,厨余,0.9999798536300659,1,1
204,D:\Garbage Classification\Garbage_Classification_Organized\garbage_dataset\test\厨余\厨余127.jpg,厨余,厨余,0.9999948740005493,1,厨余,0.9999948740005493,1,厨余,0.9999948740005493,1,1
205,D:\Garbage Classification\Garbage_Classification_Organized\garbage_dataset\test\厨余\厨余128.jpg,厨余,厨余,0.9999912977218628,1,厨余,0.9999912977218628,1,厨余,0.9999912977218628,1,1
206,D:\Garbage Classification\Garbage_Classification_Organized\garbage_dataset\test\厨余\厨余140.jpg,厨余,厨余,0.9999959468841553,1,厨余,0.9999959468841553,1,厨余,0.9999959468841553,1,1
207,D:\Garbage Classification\Garbage_Classification_Organized\garbage_dataset\test\厨余\厨余144.jpg,厨余,厨余,0.999998927116394,1,厨余,0.999998927116394,1,厨余,0.999998927116394,1,1
208,D:\Garbage Classification\Garbage_Classification_Organized\garbage_dataset\test\厨余\厨余146.jpg,厨余,厨余,0.9999998807907104,1,厨余,0.9999998807907104,1,厨余,0.9999998807907104,1,1
209,D:\Garbage Classification\Garbage_Classification_Organized\garbage_dataset\test\厨余\厨余147.jpg,厨余,厨余,0.9999994039535522,1,厨余,0.9999994039535522,1,厨余,0.9999994039535522,1,1
210,D:\Garbage Classification\Garbage_Classification_Organized\garbage_dataset\test\厨余\厨余149.jpg,厨余,厨余,0.9999817609786987,1,厨余,0.9999817609786987,1,厨余,0.9999817609786987,1,1
211,D:\Garbage Classification\Garbage_Classification_Organized\garbage_dataset\test\厨余\厨余155.jpg,厨余,厨余,0.9999997615814209,1,厨余,0.9999997615814209,1,厨余,0.9999997615814209,1,1
212,D:\Garbage Classification\Garbage_Classification_Organized\garbage_dataset\test\厨余\厨余170.jpg,厨余,厨余,0.9999998807907104,1,厨余,0.9999998807907104,1,厨余,0.9999998807907104,1,1
213,D:\Garbage Classification\Garbage_Classification_Organized\garbage_dataset\test\厨余\厨余176.jpg,厨余,厨余,0.9999996423721313,1,厨余,0.9999996423721313,1,厨余,0.9999996423721313,1,1
214,D:\Garbage Classification\Garbage_Classification_Organized\garbage_dataset\test\厨余\厨余187.jpg,厨余,厨余,0.9999994039535522,1,厨余,0.9999994039535522,1,厨余,0.9999994039535522,1,1
215,D:\Garbage Classification\Garbage_Classification_Organized\garbage_dataset\test\厨余\厨余197.jpg,厨余,厨余,0.9999969005584717,1,厨余,0.9999969005584717,1,厨余,0.9999969005584717,1,1
216,D:\Garbage Classification\Garbage_Classification_Organized\garbage_dataset\test\厨余\厨余2.jpg,厨余,厨余,0.9999182224273682,1,厨余,0.9999182224273682,1,厨余,0.9999182224273682,1,1
217,D:\Garbage Classification\Garbage_Classification_Organized\garbage_dataset\test\厨余\厨余207.jpg,厨余,厨余,0.998295247554779,1,厨余,0.998295247554779,1,厨余,0.9982953667640686,1,1
218,D:\Garbage Classification\Garbage_Classification_Organized\garbage_dataset\test\厨余\厨余226.jpg,厨余,厨余,0.9999991655349731,1,厨余,0.9999991655349731,1,厨余,0.9999991655349731,1,1
219,D:\Garbage Classification\Garbage_Classification_Organized\garbage_dataset\test\厨余\厨余228.jpg,厨余,厨余,0.9999997615814209,1,厨余,0.9999997615814209,1,厨余,0.9999997615814209,1,1
220,D:\Garbage Classification\Garbage_Classification_Organized\garbage_dataset\test\厨余\厨余229.jpg,厨余,厨余,0.9999963045120239,1,厨余,0.9999963045120239,1,厨余,0.9999963045120239,1,1
221,D:\Garbage Classification\Garbage_Classification_Organized\garbage_dataset\test\厨余\厨余234.jpg,厨余,厨余,0.9999984502792358,1,厨余,0.9999984502792358,1,厨余,0.9999984502792358,1,1
222,D:\Garbage Classification\Garbage_Classification_Organized\garbage_dataset\test\厨余\厨余264.jpg,厨余,厨余,0.9999969005584717,1,厨余,0.9999969005584717,1,厨余,0.9999969005584717,1,1
223,D:\Garbage Classification\Garbage_Classification_Organized\garbage_dataset\test\厨余\厨余266.jpg,厨余,厨余,0.999884843826294,1,厨余,0.999884843826294,1,厨余,0.999884843826294,1,1
224,D:\Garbage Classification\Garbage_Classification_Organized\garbage_dataset\test\厨余\厨余269.jpg,厨余,厨余,0.9999428987503052,1,厨余,0.9999428987503052,1,厨余,0.9999428987503052,1,1
225,D:\Garbage Classification\Garbage_Classification_Organized\garbage_dataset\test\厨余\厨余27.jpg,厨余,厨余,0.999902606010437,1,厨余,0.999902606010437,1,厨余,0.999902606010437,1,1
226,D:\Garbage Classification\Garbage_Classification_Organized\garbage_dataset\test\厨余\厨余275.jpg,厨余,厨余,0.9999985694885254,1,厨余,0.9999985694885254,1,厨余,0.9999985694885254,1,1
227,D:\Garbage Classification\Garbage_Classification_Organized\garbage_dataset\test\厨余\厨余280.jpg,厨余,厨余,0.9999973773956299,1,厨余,0.9999973773956299,1,厨余,0.9999973773956299,1,1
228,D:\Garbage Classification\Garbage_Classification_Organized\garbage_dataset\test\厨余\厨余3.jpg,厨余,厨余,0.9999700784683228,1,厨余,0.9999700784683228,1,厨余,0.9999700784683228,1,1
229,D:\Garbage Classification\Garbage_Classification_Organized\garbage_dataset\test\厨余\厨余34.jpg,厨余,厨余,0.9999984502792358,1,厨余,0.9999984502792358,1,厨余,0.9999984502792358,1,1
230,D:\Garbage Classification\Garbage_Classification_Organized\garbage_dataset\test\厨余\厨余38.jpg,厨余,厨余,0.9999796152114868,1,厨余,0.9999794960021973,1,厨余,0.9999794960021973,1,1
231,D:\Garbage Classification\Garbage_Classification_Organized\garbage_dataset\test\厨余\厨余47.jpg,厨余,厨余,0.9999994039535522,1,厨余,0.9999994039535522,1,厨余,0.9999994039535522,1,1
232,D:\Garbage Classification\Garbage_Classification_Organized\garbage_dataset\test\厨余\厨余51.jpg,厨余,厨余,0.9999973773956299,1,厨余,0.9999973773956299,1,厨余,0.9999973773956299,1,1
233,D:\Garbage Classification\Garbage_Classification_Organized\garbage_dataset\test\厨余\厨余56.jpg,厨余,厨余,0.9992572665214539,1,厨余,0.9992572665214539,1,厨余,0.9992572665214539,1,1
234,D:\Garbage Classification\Garbage_Classification_Organized\garbage_dataset\test\厨余\厨余72.jpg,厨余,厨余,0.999998927116394,1,厨余,0.999998927116394,1,厨余,0.999998927116394,1,1
235,D:\Garbage Classification\Garbage_Classification_Organized\garbage_dataset\test\厨余\厨余75.jpg,厨余,厨余,0.9999998807907104,1,厨余,0.9999998807907104,1,厨余,0.9999998807907104,1,1
236,D:\Garbage Classification\Garbage_Classification_Organized\garbage_dataset\test\厨余\厨余80.jpg,厨余,厨余,0.9999969005584717,1,厨余,0.9999969005584717,1,厨余,0.9999969005584717,1,1
237,D:\Garbage Classification\Garbage_Classification_Organized\garbage_dataset\test\厨余\厨余82.jpg,厨余,厨余,0.9999887943267822,1,厨余,0.9999887943267822,1,厨余,0.9999887943267822,1,1
238,D:\Garbage Classification\Garbage_Classification_Organized\garbage_dataset\test\厨余\厨余90.jpg,厨余,厨余,0.999997615814209,1,厨余,0.999997615814209,1,厨余,0.999997615814209,1,1
239,D:\Garbage Classification\Garbage_Classification_Organized\garbage_dataset\test\厨余\厨余95.jpg,厨余,厨余,0.9999645948410034,1,厨余,0.9999645948410034,1,厨余,0.9999645948410034,1,1
240,D:\Garbage Classification\Garbage_Classification_Organized\garbage_dataset\test\厨余\厨余97.jpg,厨余,厨余,0.9999995231628418,1,厨余,0.9999995231628418,1,厨余,0.9999995231628418,1,1
241,D:\Garbage Classification\Garbage_Classification_Organized\garbage_dataset\test\厨余\厨余98.jpg,厨余,厨余,0.9999997615814209,1,厨余,0.9999997615814209,1,厨余,0.9999997615814209,1,1
242,D:\Garbage Classification\Garbage_Classification_Organized\garbage_dataset\test\可回收\可回收144.jpg,可回收,可回收,0.9999998807907104,1,可回收,0.9999998807907104,1,可回收,0.9999998807907104,1,1
243,D:\Garbage Classification\Garbage_Classification_Organized\garbage_dataset\test\可回收\可回收145.jpg,可回收,可回收,0.9999737739562988,1,可回收,0.9999737739562988,1,可回收,0.9999737739562988,1,1
244,D:\Garbage Classification\Garbage_Classification_Organized\garbage_dataset\test\可回收\可回收155.jpg,可回收,可回收,0.9999997615814209,1,可回收,0.9999997615814209,1,可回收,0.9999997615814209,1,1
245,D:\Garbage Classification\Garbage_Classification_Organized\garbage_dataset\test\可回收\可回收169.jpg,可回收,可回收,0.999998927116394,1,可回收,0.999998927116394,1,可回收,0.999998927116394,1,1
246,D:\Garbage Classification\Garbage_Classification_Organized\garbage_dataset\test\可回收\可回收171.jpg,可回收,可回收,0.9997697472572327,1,可回收,0.9997697472572327,1,可回收,0.9997697472572327,1,1
247,D:\Garbage Classification\Garbage_Classification_Organized\garbage_dataset\test\可回收\可回收172.jpg,可回收,可回收,0.9998244643211365,1,可回收,0.9998244643211365,1,可回收,0.9998244643211365,1,1
248,D:\Garbage Classification\Garbage_Classification_Organized\garbage_dataset\test\可回收\可回收177.jpg,可回收,可回收,0.9999552965164185,1,可回收,0.9999552965164185,1,可回收,0.9999552965164185,1,1
249,D:\Garbage Classification\Garbage_Classification_Organized\garbage_dataset\test\可回收\可回收183.jpg,可回收,可回收,1.0,1,可回收,1.0,1,可回收,1.0,1,1
250,D:\Garbage Classification\Garbage_Classification_Organized\garbage_dataset\test\可回收\可回收185.jpg,可回收,可回收,0.9999791383743286,1,可回收,0.9999791383743286,1,可回收,0.9999791383743286,1,1
251,D:\Garbage Classification\Garbage_Classification_Organized\garbage_dataset\test\可回收\可回收189.jpg,可回收,可回收,1.0,1,可回收,1.0,1,可回收,1.0,1,1
252,D:\Garbage Classification\Garbage_Classification_Organized\garbage_dataset\test\可回收\可回收202.jpg,可回收,可回收,0.9999977350234985,1,可回收,0.9999977350234985,1,可回收,0.9999977350234985,1,1
253,D:\Garbage Classification\Garbage_Classification_Organized\garbage_dataset\test\可回收\可回收203.jpg,可回收,可回收,0.9999946355819702,1,可回收,0.9999946355819702,1,可回收,0.9999946355819702,1,1
254,D:\Garbage Classification\Garbage_Classification_Organized\garbage_dataset\test\可回收\可回收213.jpg,可回收,可回收,0.9997195601463318,1,可回收,0.9997195601463318,1,可回收,0.9997195601463318,1,1
255,D:\Garbage Classification\Garbage_Classification_Organized\garbage_dataset\test\可回收\可回收214.jpg,可回收,可回收,0.9999394416809082,1,可回收,0.9999394416809082,1,可回收,0.9999394416809082,1,1
256,D:\Garbage Classification\Garbage_Classification_Organized\garbage_dataset\test\可回收\可回收225.jpg,可回收,可回收,1.0,1,可回收,1.0,1,可回收,1.0,1,1
257,D:\Garbage Classification\Garbage_Classification_Organized\garbage_dataset\test\可回收\可回收238.jpg,可回收,可回收,0.9999995231628418,1,可回收,0.9999995231628418,1,可回收,0.9999995231628418,1,1
258,D:\Garbage Classification\Garbage_Classification_Organized\garbage_dataset\test\可回收\可回收241.jpg,可回收,可回收,0.99996018409729,1,可回收,0.99996018409729,1,可回收,0.99996018409729,1,1
259,D:\Garbage Classification\Garbage_Classification_Organized\garbage_dataset\test\可回收\可回收244.jpg,可回收,可回收,0.999995231628418,1,可回收,0.999995231628418,1,可回收,0.999995231628418,1,1
260,D:\Garbage Classification\Garbage_Classification_Organized\garbage_dataset\test\可回收\可回收248.jpg,可回收,可回收,0.9999961853027344,1,可回收,0.9999961853027344,1,可回收,0.9999961853027344,1,1
261,D:\Garbage Classification\Garbage_Classification_Organized\garbage_dataset\test\可回收\可回收27.jpg,可回收,可回收,0.9999921321868896,1,可回收,0.9999921321868896,1,可回收,0.9999921321868896,1,1
262,D:\Garbage Classification\Garbage_Classification_Organized\garbage_dataset\test\可回收\可回收279.jpg,可回收,可回收,0.9999984502792358,1,可回收,0.9999984502792358,1,可回收,0.9999984502792358,1,1
263,D:\Garbage Classification\Garbage_Classification_Organized\garbage_dataset\test\可回收\可回收29.jpg,可回收,可回收,0.999997615814209,1,可回收,0.999997615814209,1,可回收,0.999997615814209,1,1
264,D:\Garbage Classification\Garbage_Classification_Organized\garbage_dataset\test\可回收\可回收34.jpg,可回收,可回收,0.9999854564666748,1,可回收,0.9999854564666748,1,可回收,0.9999854564666748,1,1
265,D:\Garbage Classification\Garbage_Classification_Organized\garbage_dataset\test\可回收\可回收38.jpg,可回收,可回收,0.9990690350532532,1,可回收,0.9990690350532532,1,可回收,0.9990691542625427,1,1
266,D:\Garbage Classification\Garbage_Classification_Organized\garbage_dataset\test\可回收\可回收40.jpg,可回收,可回收,0.9999990463256836,1,可回收,0.9999990463256836,1,可回收,0.9999990463256836,1,1
267,D:\Garbage Classification\Garbage_Classification_Organized\garbage_dataset\test\可回收\可回收45.jpg,可回收,可回收,0.9992666840553284,1,可回收,0.9992666840553284,1,可回收,0.9992666840553284,1,1
268,D:\Garbage Classification\Garbage_Classification_Organized\garbage_dataset\test\可回收\可回收46.jpg,可回收,可回收,0.9844685196876526,1,可回收,0.9844686388969421,1,可回收,0.9844675660133362,1,1
269,D:\Garbage Classification\Garbage_Classification_Organized\garbage_dataset\test\可回收\可回收48.jpg,可回收,可回收,0.9917408227920532,1,可回收,0.9917405843734741,1,可回收,0.9917409420013428,1,1
270,D:\Garbage Classification\Garbage_Classification_Organized\garbage_dataset\test\可回收\可回收51.jpg,可回收,可回收,0.9999833106994629,1,可回收,0.9999833106994629,1,可回收,0.9999833106994629,1,1
271,D:\Garbage Classification\Garbage_Classification_Organized\garbage_dataset\test\可回收\可回收67.jpg,可回收,可回收,0.9999762773513794,1,可回收,0.9999762773513794,1,可回收,0.9999762773513794,1,1
272,D:\Garbage Classification\Garbage_Classification_Organized\garbage_dataset\test\可回收\可回收68.jpg,可回收,可回收,0.97596675157547,1,可回收,0.9759674668312073,1,可回收,0.9759687781333923,1,1
273,D:\Garbage Classification\Garbage_Classification_Organized\garbage_dataset\test\可回收\可回收8.jpg,可回收,可回收,0.9975926280021667,1,可回收,0.9975926280021667,1,可回收,0.9975926280021667,1,1
274,D:\Garbage Classification\Garbage_Classification_Organized\garbage_dataset\test\可回收\可回收_0002.jpg,可回收,可回收,0.9999997615814209,1,可回收,0.9999997615814209,1,可回收,0.9999997615814209,1,1
275,D:\Garbage Classification\Garbage_Classification_Organized\garbage_dataset\test\可回收\可回收_0009.jpg,可回收,可回收,0.999897837638855,1,可回收,0.999897837638855,1,可回收,0.999897837638855,1,1
276,D:\Garbage Classification\Garbage_Classification_Organized\garbage_dataset\test\可回收\可回收_0016.jpg,可回收,可回收,1.0,1,可回收,1.0,1,可回收,1.0,1,1
277,D:\Garbage Classification\Garbage_Classification_Organized\garbage_dataset\test\可回收\可回收_0020.jpg,可回收,可回收,1.0,1,可回收,1.0,1,可回收,1.0,1,1
278,D:\Garbage Classification\Garbage_Classification_Organized\garbage_dataset\test\可回收\可回收_0035.jpg,可回收,可回收,0.9999998807907104,1,可回收,0.9999998807907104,1,可回收,0.9999998807907104,1,1
279,D:\Garbage Classification\Garbage_Classification_Organized\garbage_dataset\test\可回收\可回收_0058.jpg,可回收,可回收,0.9999995231628418,1,可回收,0.9999995231628418,1,可回收,0.9999995231628418,1,1
280,D:\Garbage Classification\Garbage_Classification_Organized\garbage_dataset\test\可回收\可回收_0066.jpg,可回收,可回收,0.9999994039535522,1,可回收,0.9999994039535522,1,可回收,0.9999994039535522,1,1
281,D:\Garbage Classification\Garbage_Classification_Organized\garbage_dataset\test\可回收\可回收_0075.jpg,可回收,可回收,0.9999997615814209,1,可回收,0.9999997615814209,1,可回收,0.9999997615814209,1,1
282,D:\Garbage Classification\Garbage_Classification_Organized\garbage_dataset\test\可回收\可回收_0078.jpg,可回收,可回收,1.0,1,可回收,1.0,1,可回收,1.0,1,1
283,D:\Garbage Classification\Garbage_Classification_Organized\garbage_dataset\test\可回收\可回收_0079.jpg,可回收,可回收,0.9998359680175781,1,可回收,0.9998359680175781,1,可回收,0.9998359680175781,1,1
284,D:\Garbage Classification\Garbage_Classification_Organized\garbage_dataset\test\可回收\可回收_0095.jpg,可回收,可回收,0.9999998807907104,1,可回收,0.9999998807907104,1,可回收,0.9999998807907104,1,1
285,D:\Garbage Classification\Garbage_Classification_Organized\garbage_dataset\test\可回收\可回收_0105.jpg,可回收,可回收,0.9999998807907104,1,可回收,0.9999998807907104,1,可回收,0.9999998807907104,1,1
286,D:\Garbage Classification\Garbage_Classification_Organized\garbage_dataset\test\可回收\可回收_0106.jpg,可回收,可回收,0.9999759197235107,1,可回收,0.9999759197235107,1,可回收,0.9999759197235107,1,1
287,D:\Garbage Classification\Garbage_Classification_Organized\garbage_dataset\test\可回收\可回收_0113.jpg,可回收,可回收,1.0,1,可回收,1.0,1,可回收,1.0,1,1
288,D:\Garbage Classification\Garbage_Classification_Organized\garbage_dataset\test\可回收\可回收_0128.jpg,可回收,可回收,1.0,1,可回收,1.0,1,可回收,1.0,1,1
289,D:\Garbage Classification\Garbage_Classification_Organized\garbage_dataset\test\可回收\可回收_0144.jpg,可回收,可回收,1.0,1,可回收,1.0,1,可回收,1.0,1,1
290,D:\Garbage Classification\Garbage_Classification_Organized\garbage_dataset\test\可回收\可回收_0149.jpg,可回收,可回收,0.9999147653579712,1,可回收,0.9999147653579712,1,可回收,0.9999147653579712,1,1
291,D:\Garbage Classification\Garbage_Classification_Organized\garbage_dataset\test\可回收\可回收_0153.jpg,可回收,可回收,1.0,1,可回收,1.0,1,可回收,1.0,1,1
292,D:\Garbage Classification\Garbage_Classification_Organized\garbage_dataset\test\可回收\可回收_0172.jpg,可回收,可回收,1.0,1,可回收,1.0,1,可回收,1.0,1,1
293,D:\Garbage Classification\Garbage_Classification_Organized\garbage_dataset\test\可回收\可回收_0186.jpg,可回收,可回收,0.9999995231628418,1,可回收,0.9999995231628418,1,可回收,0.9999995231628418,1,1
294,D:\Garbage Classification\Garbage_Classification_Organized\garbage_dataset\test\可回收\可回收_0201.jpg,可回收,可回收,1.0,1,可回收,1.0,1,可回收,1.0,1,1
295,D:\Garbage Classification\Garbage_Classification_Organized\garbage_dataset\test\可回收\可回收_0204.jpg,可回收,可回收,1.0,1,可回收,1.0,1,可回收,1.0,1,1
296,D:\Garbage Classification\Garbage_Classification_Organized\garbage_dataset\test\可回收\可回收_0214.jpg,可回收,可回收,0.9999954700469971,1,可回收,0.9999954700469971,1,可回收,0.9999954700469971,1,1
297,D:\Garbage Classification\Garbage_Classification_Organized\garbage_dataset\test\可回收\可回收_0227.jpg,可回收,可回收,0.9999994039535522,1,可回收,0.9999994039535522,1,可回收,0.9999994039535522,1,1
298,D:\Garbage Classification\Garbage_Classification_Organized\garbage_dataset\test\可回收\可回收_0230.jpg,可回收,可回收,1.0,1,可回收,1.0,1,可回收,1.0,1,1
299,D:\Garbage Classification\Garbage_Classification_Organized\garbage_dataset\test\可回收\可回收_0258.jpg,可回收,可回收,0.9999998807907104,1,可回收,0.9999998807907104,1,可回收,0.9999998807907104,1,1
300,D:\Garbage Classification\Garbage_Classification_Organized\garbage_dataset\test\可回收\可回收_0259.jpg,可回收,可回收,0.9999998807907104,1,可回收,0.9999998807907104,1,可回收,0.9999998807907104,1,1
301,D:\Garbage Classification\Garbage_Classification_Organized\garbage_dataset\test\可回收\可回收_0279.jpg,可回收,可回收,0.9999986886978149,1,可回收,0.9999986886978149,1,可回收,0.9999986886978149,1,1
302,D:\Garbage Classification\Garbage_Classification_Organized\garbage_dataset\test\可回收\可回收_0282.jpg,可回收,可回收,0.9999912977218628,1,可回收,0.9999912977218628,1,可回收,0.9999912977218628,1,1
303,D:\Garbage Classification\Garbage_Classification_Organized\garbage_dataset\test\可回收\可回收_0308.jpg,可回收,可回收,0.9999967813491821,1,可回收,0.9999967813491821,1,可回收,0.9999967813491821,1,1
304,D:\Garbage Classification\Garbage_Classification_Organized\garbage_dataset\test\可回收\可回收_0311.jpg,可回收,可回收,0.9999786615371704,1,可回收,0.9999786615371704,1,可回收,0.9999786615371704,1,1
305,D:\Garbage Classification\Garbage_Classification_Organized\garbage_dataset\test\可回收\可回收_0313.jpg,可回收,可回收,0.9999973773956299,1,可回收,0.9999973773956299,1,可回收,0.9999973773956299,1,1
306,D:\Garbage Classification\Garbage_Classification_Organized\garbage_dataset\test\可回收\可回收_0322.jpg,可回收,可回收,1.0,1,可回收,1.0,1,可回收,1.0,1,1
307,D:\Garbage Classification\Garbage_Classification_Organized\garbage_dataset\test\可回收\可回收_0336.jpg,可回收,可回收,0.9999936819076538,1,可回收,0.9999936819076538,1,可回收,0.9999936819076538,1,1
308,D:\Garbage Classification\Garbage_Classification_Organized\garbage_dataset\test\可回收\可回收_0361.jpg,可回收,可回收,0.9999938011169434,1,可回收,0.9999938011169434,1,可回收,0.9999938011169434,1,1
309,D:\Garbage Classification\Garbage_Classification_Organized\garbage_dataset\test\可回收\可回收_0367.jpg,可回收,可回收,0.9999998807907104,1,可回收,0.9999998807907104,1,可回收,0.9999998807907104,1,1
310,D:\Garbage Classification\Garbage_Classification_Organized\garbage_dataset\test\可回收\可回收_0374.jpg,可回收,可回收,0.9999996423721313,1,可回收,0.9999996423721313,1,可回收,0.9999996423721313,1,1
311,D:\Garbage Classification\Garbage_Classification_Organized\garbage_dataset\test\可回收\可回收_0377.jpg,可回收,可回收,0.9999998807907104,1,可回收,0.9999998807907104,1,可回收,0.9999998807907104,1,1
312,D:\Garbage Classification\Garbage_Classification_Organized\garbage_dataset\test\可回收\可回收_0378.jpg,可回收,可回收,1.0,1,可回收,1.0,1,可回收,1.0,1,1
313,D:\Garbage Classification\Garbage_Classification_Organized\garbage_dataset\test\可回收\可回收_0381.jpg,可回收,可回收,1.0,1,可回收,1.0,1,可回收,1.0,1,1
314,D:\Garbage Classification\Garbage_Classification_Organized\garbage_dataset\test\可回收\可回收_0386.jpg,可回收,可回收,1.0,1,可回收,1.0,1,可回收,1.0,1,1
315,D:\Garbage Classification\Garbage_Classification_Organized\garbage_dataset\test\有害\有害122.jpg,有害,有害,1.0,1,有害,1.0,1,有害,1.0,1,1
316,D:\Garbage Classification\Garbage_Classification_Organized\garbage_dataset\test\有害\有害132.jpg,有害,有害,0.9999377727508545,1,有害,0.9999377727508545,1,有害,0.9999377727508545,1,1
317,D:\Garbage Classification\Garbage_Classification_Organized\garbage_dataset\test\有害\有害157.jpg,有害,有害,0.9999983310699463,1,有害,0.9999983310699463,1,有害,0.9999983310699463,1,1
318,D:\Garbage Classification\Garbage_Classification_Organized\garbage_dataset\test\有害\有害158.jpg,有害,有害,0.9998898506164551,1,有害,0.9998898506164551,1,有害,0.9998898506164551,1,1
319,D:\Garbage Classification\Garbage_Classification_Organized\garbage_dataset\test\有害\有害159.jpg,有害,有害,0.9999485015869141,1,有害,0.9999485015869141,1,有害,0.9999485015869141,1,1
320,D:\Garbage Classification\Garbage_Classification_Organized\garbage_dataset\test\有害\有害16.jpg,有害,有害,0.9999995231628418,1,有害,0.9999995231628418,1,有害,0.9999995231628418,1,1
321,D:\Garbage Classification\Garbage_Classification_Organized\garbage_dataset\test\有害\有害167.jpg,有害,有害,0.9999967813491821,1,有害,0.9999967813491821,1,有害,0.9999967813491821,1,1
322,D:\Garbage Classification\Garbage_Classification_Organized\garbage_dataset\test\有害\有害17.jpg,有害,有害,0.9998970031738281,1,有害,0.9998970031738281,1,有害,0.9998970031738281,1,1
323,D:\Garbage Classification\Garbage_Classification_Organized\garbage_dataset\test\有害\有害179.jpg,有害,有害,0.9999996423721313,1,有害,0.9999996423721313,1,有害,0.9999996423721313,1,1
324,D:\Garbage Classification\Garbage_Classification_Organized\garbage_dataset\test\有害\有害18.jpg,有害,有害,0.9999065399169922,1,有害,0.9999065399169922,1,有害,0.9999065399169922,1,1
325,D:\Garbage Classification\Garbage_Classification_Organized\garbage_dataset\test\有害\有害183.jpg,有害,有害,0.9999951124191284,1,有害,0.9999951124191284,1,有害,0.9999951124191284,1,1
326,D:\Garbage Classification\Garbage_Classification_Organized\garbage_dataset\test\有害\有害203.jpg,有害,有害,0.5821540355682373,1,有害,0.5821453928947449,1,有害,0.5821565985679626,1,1
327,D:\Garbage Classification\Garbage_Classification_Organized\garbage_dataset\test\有害\有害207.jpg,有害,有害,0.9782333374023438,1,有害,0.978232741355896,1,有害,0.9782325029373169,1,1
328,D:\Garbage Classification\Garbage_Classification_Organized\garbage_dataset\test\有害\有害210.jpg,有害,有害,0.8877450227737427,1,有害,0.8877440690994263,1,有害,0.8877414464950562,1,1
329,D:\Garbage Classification\Garbage_Classification_Organized\garbage_dataset\test\有害\有害211.jpg,有害,有害,0.9749393463134766,1,有害,0.9749388694763184,1,有害,0.9749393463134766,1,1
330,D:\Garbage Classification\Garbage_Classification_Organized\garbage_dataset\test\有害\有害218.jpg,有害,有害,0.9813241362571716,1,有害,0.9813238978385925,1,有害,0.981323778629303,1,1
331,D:\Garbage Classification\Garbage_Classification_Organized\garbage_dataset\test\有害\有害223.jpg,有害,有害,0.9999030828475952,1,有害,0.9999030828475952,1,有害,0.9999030828475952,1,1
332,D:\Garbage Classification\Garbage_Classification_Organized\garbage_dataset\test\有害\有害225.jpg,有害,有害,0.9999984502792358,1,有害,0.9999984502792358,1,有害,0.9999984502792358,1,1
333,D:\Garbage Classification\Garbage_Classification_Organized\garbage_dataset\test\有害\有害227.jpg,有害,有害,0.9974275231361389,1,有害,0.9974274039268494,1,有害,0.9974272847175598,1,1
334,D:\Garbage Classification\Garbage_Classification_Organized\garbage_dataset\test\有害\有害244.jpg,有害,有害,0.9999517202377319,1,有害,0.9999517202377319,1,有害,0.9999517202377319,1,1
335,D:\Garbage Classification\Garbage_Classification_Organized\garbage_dataset\test\有害\有害245.jpg,有害,有害,0.9997279047966003,1,有害,0.9997279047966003,1,有害,0.9997279047966003,1,1
336,D:\Garbage Classification\Garbage_Classification_Organized\garbage_dataset\test\有害\有害258.jpg,有害,有害,0.9592834115028381,1,有害,0.9592834115028381,1,有害,0.9592832922935486,1,1
337,D:\Garbage Classification\Garbage_Classification_Organized\garbage_dataset\test\有害\有害26.jpg,有害,有害,0.999998927116394,1,有害,0.999998927116394,1,有害,0.999998927116394,1,1
338,D:\Garbage Classification\Garbage_Classification_Organized\garbage_dataset\test\有害\有害270.jpg,有害,有害,0.9999995231628418,1,有害,0.9999995231628418,1,有害,0.9999995231628418,1,1
339,D:\Garbage Classification\Garbage_Classification_Organized\garbage_dataset\test\有害\有害30.jpg,有害,有害,0.999994158744812,1,有害,0.999994158744812,1,有害,0.999994158744812,1,1
340,D:\Garbage Classification\Garbage_Classification_Organized\garbage_dataset\test\有害\有害31.jpg,有害,有害,0.9997187256813049,1,有害,0.9997187256813049,1,有害,0.9997187256813049,1,1
341,D:\Garbage Classification\Garbage_Classification_Organized\garbage_dataset\test\有害\有害35.jpg,有害,有害,1.0,1,有害,1.0,1,有害,1.0,1,1
342,D:\Garbage Classification\Garbage_Classification_Organized\garbage_dataset\test\有害\有害36.jpg,有害,有害,1.0,1,有害,1.0,1,有害,1.0,1,1
343,D:\Garbage Classification\Garbage_Classification_Organized\garbage_dataset\test\有害\有害44.jpg,有害,有害,1.0,1,有害,1.0,1,有害,1.0,1,1
344,D:\Garbage Classification\Garbage_Classification_Organized\garbage_dataset\test\有害\有害53.jpg,有害,有害,0.9999997615814209,1,有害,0.9999997615814209,1,有害,0.9999997615814209,1,1
345,D:\Garbage Classification\Garbage_Classification_Organized\garbage_dataset\test\有害\有害54.jpg,有害,有害,0.9993221759796143,1,有害,0.9993221759796143,1,有害,0.9993221759796143,1,1
346,D:\Garbage Classification\Garbage_Classification_Organized\garbage_dataset\test\有害\有害61.jpg,有害,有害,0.9999988079071045,1,有害,0.9999988079071045,1,有害,0.9999988079071045,1,1
347,D:\Garbage Classification\Garbage_Classification_Organized\garbage_dataset\test\有害\有害65.jpg,有害,有害,0.9999480247497559,1,有害,0.9999480247497559,1,有害,0.9999480247497559,1,1
348,D:\Garbage Classification\Garbage_Classification_Organized\garbage_dataset\test\有害\有害68.jpg,有害,有害,0.9999992847442627,1,有害,0.9999992847442627,1,有害,0.9999992847442627,1,1
349,D:\Garbage Classification\Garbage_Classification_Organized\garbage_dataset\test\有害\有害77.jpg,有害,有害,0.9999998807907104,1,有害,0.9999998807907104,1,有害,0.9999998807907104,1,1
350,D:\Garbage Classification\Garbage_Classification_Organized\garbage_dataset\test\有害\有害85.jpg,有害,有害,0.9999234676361084,1,有害,0.9999234676361084,1,有害,0.9999234676361084,1,1
351,D:\Garbage Classification\Garbage_Classification_Organized\garbage_dataset\test\有害\有害87.jpg,有害,有害,0.9999991655349731,1,有害,0.9999991655349731,1,有害,0.9999991655349731,1,1
352,D:\Garbage Classification\Garbage_Classification_Organized\garbage_dataset\test\有害\有害89.jpg,有害,有害,0.999998927116394,1,有害,0.999998927116394,1,有害,0.999998927116394,1,1
353,D:\Garbage Classification\Garbage_Classification_Organized\garbage_dataset\test\有害\有害9.jpg,有害,有害,0.9999995231628418,1,有害,0.9999995231628418,1,有害,0.9999995231628418,1,1
354,D:\Garbage Classification\Garbage_Classification_Organized\garbage_dataset\test\有害\有害_0003.jpg,有害,有害,0.9999982118606567,1,有害,0.9999982118606567,1,有害,0.9999982118606567,1,1
355,D:\Garbage Classification\Garbage_Classification_Organized\garbage_dataset\test\有害\有害_0006.jpg,有害,有害,0.9999604225158691,1,有害,0.9999604225158691,1,有害,0.9999604225158691,1,1
356,D:\Garbage Classification\Garbage_Classification_Organized\garbage_dataset\test\有害\有害_0013.jpg,有害,有害,0.9999505281448364,1,有害,0.9999505281448364,1,有害,0.9999505281448364,1,1
357,D:\Garbage Classification\Garbage_Classification_Organized\garbage_dataset\test\有害\有害_0015.jpg,有害,有害,0.9988129138946533,1,有害,0.9988129138946533,1,有害,0.9988129138946533,1,1
358,D:\Garbage Classification\Garbage_Classification_Organized\garbage_dataset\test\有害\有害_0018.jpg,有害,有害,0.9999693632125854,1,有害,0.9999693632125854,1,有害,0.9999693632125854,1,1
359,D:\Garbage Classification\Garbage_Classification_Organized\garbage_dataset\test\有害\有害_0021.jpg,有害,有害,0.9990851879119873,1,有害,0.9990851879119873,1,有害,0.9990853071212769,1,1
360,D:\Garbage Classification\Garbage_Classification_Organized\garbage_dataset\test\有害\有害_0030.jpg,有害,有害,0.9999996423721313,1,有害,0.9999996423721313,1,有害,0.9999996423721313,1,1
361,D:\Garbage Classification\Garbage_Classification_Organized\garbage_dataset\test\有害\有害_0040.jpg,有害,有害,0.9999827146530151,1,有害,0.9999827146530151,1,有害,0.9999827146530151,1,1
362,D:\Garbage Classification\Garbage_Classification_Organized\garbage_dataset\test\有害\有害_0046.jpg,有害,有害,0.9999964237213135,1,有害,0.9999964237213135,1,有害,0.9999964237213135,1,1
363,D:\Garbage Classification\Garbage_Classification_Organized\garbage_dataset\test\有害\有害_0054.jpg,有害,有害,1.0,1,有害,1.0,1,有害,1.0,1,1
364,D:\Garbage Classification\Garbage_Classification_Organized\garbage_dataset\test\有害\有害_0056.jpg,有害,有害,1.0,1,有害,1.0,1,有害,1.0,1,1
365,D:\Garbage Classification\Garbage_Classification_Organized\garbage_dataset\test\有害\有害_0082.jpg,有害,有害,0.9999886751174927,1,有害,0.9999886751174927,1,有害,0.9999886751174927,1,1
366,D:\Garbage Classification\Garbage_Classification_Organized\garbage_dataset\test\有害\有害_0089.jpg,有害,有害,0.9999960660934448,1,有害,0.9999960660934448,1,有害,0.9999960660934448,1,1
367,D:\Garbage Classification\Garbage_Classification_Organized\garbage_dataset\test\有害\有害_0101.jpg,有害,有害,0.9999585151672363,1,有害,0.9999585151672363,1,有害,0.9999586343765259,1,1
368,D:\Garbage Classification\Garbage_Classification_Organized\garbage_dataset\test\有害\有害_0102.jpg,有害,有害,0.9999775886535645,1,有害,0.9999775886535645,1,有害,0.9999775886535645,1,1
369,D:\Garbage Classification\Garbage_Classification_Organized\garbage_dataset\test\有害\有害_0103.jpg,有害,有害,0.9999822378158569,1,有害,0.9999822378158569,1,有害,0.9999822378158569,1,1
370,D:\Garbage Classification\Garbage_Classification_Organized\garbage_dataset\test\有害\有害_0104.jpg,有害,有害,0.9999921321868896,1,有害,0.9999921321868896,1,有害,0.9999921321868896,1,1
371,D:\Garbage Classification\Garbage_Classification_Organized\garbage_dataset\test\有害\有害_0109.jpg,有害,有害,0.9999977350234985,1,有害,0.9999977350234985,1,有害,0.9999977350234985,1,1
372,D:\Garbage Classification\Garbage_Classification_Organized\garbage_dataset\test\有害\有害_0111.jpg,有害,有害,0.9999910593032837,1,有害,0.9999910593032837,1,有害,0.9999910593032837,1,1
373,D:\Garbage Classification\Garbage_Classification_Organized\garbage_dataset\test\有害\有害_0113.jpg,有害,有害,0.9999984502792358,1,有害,0.9999984502792358,1,有害,0.9999984502792358,1,1
374,D:\Garbage Classification\Garbage_Classification_Organized\garbage_dataset\test\有害\有害_0114.jpg,有害,有害,0.9999994039535522,1,有害,0.9999994039535522,1,有害,0.9999994039535522,1,1
375,D:\Garbage Classification\Garbage_Classification_Organized\garbage_dataset\test\有害\有害_0130.jpg,有害,有害,0.9999977350234985,1,有害,0.9999977350234985,1,有害,0.9999977350234985,1,1
376,D:\Garbage Classification\Garbage_Classification_Organized\garbage_dataset\test\有害\有害_0133.jpg,有害,有害,0.9999963045120239,1,有害,0.9999963045120239,1,有害,0.9999963045120239,1,1
377,D:\Garbage Classification\Garbage_Classification_Organized\garbage_dataset\test\有害\有害_0136.jpg,有害,有害,0.9999974966049194,1,有害,0.9999974966049194,1,有害,0.9999974966049194,1,1
378,D:\Garbage Classification\Garbage_Classification_Organized\garbage_dataset\test\有害\有害_0144.jpg,有害,有害,0.9998121857643127,1,有害,0.9998121857643127,1,有害,0.9998121857643127,1,1
379,D:\Garbage Classification\Garbage_Classification_Organized\garbage_dataset\test\有害\有害_0164.jpg,有害,有害,0.9999996423721313,1,有害,0.9999996423721313,1,有害,0.9999996423721313,1,1
380,D:\Garbage Classification\Garbage_Classification_Organized\garbage_dataset\test\有害\有害_0167.jpg,有害,有害,1.0,1,有害,1.0,1,有害,1.0,1,1
381,D:\Garbage Classification\Garbage_Classification_Organized\garbage_dataset\test\有害\有害_0199.jpg,有害,有害,0.999997615814209,1,有害,0.999997615814209,1,有害,0.999997615814209,1,1
382,D:\Garbage Classification\Garbage_Classification_Organized\garbage_dataset\test\有害\有害_0206.jpg,有害,有害,0.9999974966049194,1,有害,0.9999974966049194,1,有害,0.9999974966049194,1,1
383,D:\Garbage Classification\Garbage_Classification_Organized\garbage_dataset\test\有害\有害_0208.jpg,有害,有害,0.9999992847442627,1,有害,0.9999992847442627,1,有害,0.9999992847442627,1,1
384,D:\Garbage Classification\Garbage_Classification_Organized\garbage_dataset\test\有害\有害_0210.jpg,有害,有害,0.9999994039535522,1,有害,0.9999994039535522,1,有害,0.9999994039535522,1,1
385,D:\Garbage Classification\Garbage_Classification_Organized\garbage_dataset\test\有害\有害_0217.jpg,有害,有害,0.9999998807907104,1,有害,0.9999998807907104,1,有害,0.9999998807907104,1,1
386,D:\Garbage Classification\Garbage_Classification_Organized\garbage_dataset\test\有害\有害_0238.jpg,有害,有害,0.9998371601104736,1,有害,0.9998371601104736,1,有害,0.9998371601104736,1,1
387,D:\Garbage Classification\Garbage_Classification_Organized\garbage_dataset\test\有害\有害_0265.jpg,有害,有害,0.999815046787262,1,有害,0.999815046787262,1,有害,0.999815046787262,1,1
388,D:\Garbage Classification\Garbage_Classification_Organized\garbage_dataset\test\有害\有害_0270.jpg,有害,有害,0.9995811581611633,1,有害,0.9995811581611633,1,有害,0.9995811581611633,1,1
389,D:\Garbage Classification\Garbage_Classification_Organized\garbage_dataset\test\有害\有害_0272.jpg,有害,有害,0.9997331500053406,1,有害,0.9997331500053406,1,有害,0.9997331500053406,1,1
390,D:\Garbage Classification\Garbage_Classification_Organized\garbage_dataset\test\有害\有害_0276.jpg,有害,有害,0.9999815225601196,1,有害,0.9999815225601196,1,有害,0.9999815225601196,1,1
391,D:\Garbage Classification\Garbage_Classification_Organized\garbage_dataset\test\有害\有害_0285.jpg,有害,有害,0.9998863935470581,1,有害,0.9998863935470581,1,有害,0.9998863935470581,1,1
392,D:\Garbage Classification\Garbage_Classification_Organized\garbage_dataset\test\有害\有害_0296.jpg,有害,有害,0.9999160766601562,1,有害,0.9999160766601562,1,有害,0.9999160766601562,1,1
393,D:\Garbage Classification\Garbage_Classification_Organized\garbage_dataset\test\有害\有害_0305.jpg,有害,有害,0.9999773502349854,1,有害,0.9999773502349854,1,有害,0.9999773502349854,1,1
394,D:\Garbage Classification\Garbage_Classification_Organized\garbage_dataset\test\有害\有害_0310.jpg,有害,有害,0.9999997615814209,1,有害,0.9999997615814209,1,有害,0.9999997615814209,1,1
395,D:\Garbage Classification\Garbage_Classification_Organized\garbage_dataset\test\有害\有害_0312.jpg,有害,有害,0.9999996423721313,1,有害,0.9999996423721313,1,有害,0.9999996423721313,1,1
396,D:\Garbage Classification\Garbage_Classification_Organized\garbage_dataset\test\有害\有害_0315.jpg,有害,有害,0.9999997615814209,1,有害,0.9999997615814209,1,有害,0.9999997615814209,1,1
397,D:\Garbage Classification\Garbage_Classification_Organized\garbage_dataset\test\有害\有害_0318.jpg,有害,有害,0.9999814033508301,1,有害,0.9999814033508301,1,有害,0.9999814033508301,1,1
398,D:\Garbage Classification\Garbage_Classification_Organized\garbage_dataset\test\有害\有害_0324.jpg,有害,有害,0.999988317489624,1,有害,0.999988317489624,1,有害,0.999988317489624,1,1
399,D:\Garbage Classification\Garbage_Classification_Organized\garbage_dataset\test\有害\有害_0336.jpg,有害,有害,0.9993603825569153,1,有害,0.9993603825569153,1,有害,0.9993603825569153,1,1
400,D:\Garbage Classification\Garbage_Classification_Organized\garbage_dataset\test\有害\有害_0342.jpg,有害,有害,0.9994691014289856,1,有害,0.9994691014289856,1,有害,0.9994691014289856,1,1
